id,position
7,107.047721987
14,115.346171943
21,107.047721987
28,100.731016556
35,-97.2912299905
42,107.047721987
49,107.047721987
56,107.047721987
63,107.047721987
70,107.047721987
77,115.346171943
84,115.346171943
91,107.047721987
98,107.047721987
105,107.047721987
112,107.047721987
119,107.047721987
126,107.047721987
133,107.047721987
140,107.047721987
147,107.047721987
154,107.047721987
161,107.047721987
168,107.047721987
175,107.047721987
182,107.047721987
189,107.047721987
196,107.047721987
203,107.047721987
210,107.047721987
217,107.047721987
224,107.047721987
231,107.047721987
238,107.047721987
245,107.047721987
252,107.047721987
259,107.047721987
266,107.047721987
273,107.047721987
280,107.047721987
287,107.047721987
294,107.047721987
301,107.047721987
308,107.047721987
315,107.047721987
322,107.047721987
329,107.047721987
336,107.047721987
343,107.047721987
350,107.047721987
357,107.047721987
364,107.047721987
371,107.047721987
378,107.047721987
385,-99.7462033113
392,-99.7462033113
399,107.047721987
406,107.047721987
413,107.047721987
420,115.346171943
427,115.346171943
434,115.346171943
441,107.047721987
448,107.047721987
455,107.047721987
462,115.346171943
469,115.346171943
476,115.346171943
483,107.047721987
490,107.047721987
497,107.047721987
504,107.047721987
511,107.047721987
518,107.047721987
525,107.047721987
532,107.047721987
539,107.047721987
546,107.047721987
553,107.047721987
560,107.047721987
567,92.193049669
574,107.047721987
581,107.047721987
588,107.047721987
595,107.047721987
602,107.047721987
609,107.047721987
616,107.047721987
623,107.047721987
630,107.047721987
637,107.047721987
644,115.346171943
651,107.047721987
658,107.047721987
665,107.047721987
672,107.047721987
679,107.047721987
686,107.047721987
693,107.047721987
700,107.047721987
707,107.047721987
714,107.047721987
721,107.047721987
728,107.047721987
735,107.047721987
742,107.047721987
749,107.047721987
756,107.047721987
763,107.047721987
770,107.047721987
777,107.047721987
784,107.047721987
791,107.047721987
798,107.047721987
805,-97.2912299905
812,-97.2912299905
819,107.047721987
826,107.047721987
833,107.047721987
840,-97.2912299905
847,107.047721987
854,107.047721987
861,107.047721987
868,107.047721987
875,107.047721987
882,107.047721987
889,107.047721987
896,107.047721987
903,107.047721987
910,107.047721987
917,107.047721987
924,107.047721987
931,107.047721987
938,107.047721987
945,107.047721987
952,107.047721987
959,74.1988416115
966,107.047721987
973,107.047721987
980,107.047721987
987,107.047721987
994,107.047721987
1001,107.047721987
1008,107.047721987
1015,107.047721987
1022,107.047721987
1029,107.047721987
1036,107.047721987
1043,107.047721987
1050,107.047721987
1057,107.047721987
1064,107.047721987
1071,107.047721987
1078,107.047721987
1085,107.047721987
1092,107.047721987
1099,107.047721987
1106,107.047721987
1113,107.047721987
1120,107.047721987
1127,107.047721987
1134,107.047721987
1141,107.047721987
1148,115.346171943
1155,107.047721987
1162,107.047721987
1169,107.047721987
1176,107.047721987
1183,107.047721987
1190,107.047721987
1197,107.047721987
1204,107.047721987
1211,115.346171943
1218,107.047721987
1225,107.047721987
1232,107.047721987
1239,107.047721987
1246,107.047721987
1253,107.047721987
1260,107.047721987
1267,107.047721987
1274,107.047721987
1281,107.047721987
1288,107.047721987
1295,107.047721987
1302,107.047721987
1309,107.047721987
1316,107.047721987
1323,107.047721987
1330,-97.2912299905
1337,107.047721987
1344,107.047721987
1351,107.047721987
1358,107.047721987
1365,107.047721987
1372,92.193049669
1379,107.047721987
1386,107.047721987
1393,107.047721987
1400,107.047721987
1407,107.047721987
1414,107.047721987
1421,107.047721987
1428,107.047721987
1435,107.047721987
1442,107.047721987
1449,107.047721987
1456,107.047721987
1463,107.047721987
1470,107.047721987
1477,107.047721987
1484,107.047721987
1491,107.047721987
1498,107.047721987
1505,107.047721987
1512,107.047721987
1519,107.047721987
1526,107.047721987
1533,107.047721987
1540,107.047721987
1547,115.346171943
1554,107.047721987
1561,107.047721987
1568,107.047721987
1575,107.047721987
1582,107.047721987
1589,107.047721987
1596,107.047721987
1603,107.047721987
1610,107.047721987
1617,107.047721987
1624,107.047721987
1631,107.047721987
1638,107.047721987
1645,107.047721987
1652,115.346171943
1659,107.047721987
1666,107.047721987
1673,107.047721987
1680,107.047721987
1687,107.047721987
1694,107.047721987
1701,107.047721987
1708,107.047721987
1715,-99.7462033113
1722,-99.7462033113
1729,-99.7462033113
1736,107.047721987
1743,107.047721987
1750,107.047721987
1757,107.047721987
1764,107.047721987
1771,107.047721987
1778,115.346171943
1785,107.047721987
1792,107.047721987
1799,107.047721987
1806,115.346171943
1813,107.047721987
1820,107.047721987
1827,107.047721987
1834,107.047721987
1841,107.047721987
1848,-99.7462033113
1855,-99.7462033113
1862,107.047721987
1869,107.047721987
1876,107.047721987
1883,107.047721987
1890,107.047721987
1897,107.047721987
1904,107.047721987
1911,107.047721987
1918,107.047721987
1925,107.047721987
1932,-107.047721987
1939,107.047721987
1946,107.047721987
1953,107.047721987
1960,107.047721987
1967,107.047721987
1974,107.047721987
1981,107.047721987
1988,107.047721987
1995,107.047721987
2002,107.047721987
2009,107.047721987
2016,107.047721987
2023,107.047721987
2030,107.047721987
2037,107.047721987
2044,107.047721987
2051,107.047721987
2058,107.047721987
2065,107.047721987
2072,107.047721987
2079,-107.047721987
2086,107.047721987
2093,107.047721987
2100,115.346171943
2107,107.047721987
2114,107.047721987
2121,107.047721987
2128,107.047721987
2135,107.047721987
2142,107.047721987
2149,107.047721987
2156,107.047721987
2163,107.047721987
2170,107.047721987
2177,107.047721987
2184,107.047721987
2191,107.047721987
2198,107.047721987
2205,107.047721987
2212,107.047721987
2219,107.047721987
2226,107.047721987
2233,107.047721987
2240,107.047721987
2247,107.047721987
2254,107.047721987
2261,107.047721987
2268,107.047721987
2275,107.047721987
2282,107.047721987
2289,107.047721987
2296,107.047721987
2303,107.047721987
2310,107.047721987
2317,107.047721987
2324,107.047721987
2331,107.047721987
2338,107.047721987
2345,107.047721987
2352,107.047721987
2359,107.047721987
2366,107.047721987
2373,107.047721987
2380,107.047721987
2387,107.047721987
2394,107.047721987
2401,107.047721987
2408,107.047721987
2415,107.047721987
2422,-99.7462033113
2429,107.047721987
2436,107.047721987
2443,107.047721987
2450,107.047721987
2457,107.047721987
2464,107.047721987
2471,107.047721987
2478,107.047721987
2485,107.047721987
2492,107.047721987
2499,107.047721987
2506,107.047721987
2513,107.047721987
2520,107.047721987
2527,107.047721987
2534,107.047721987
2541,107.047721987
2548,107.047721987
2555,-99.7462033113
2562,-99.7462033113
2569,-99.7462033113
2576,-99.7462033113
2583,-99.7462033113
2590,-99.7462033113
2597,-99.7462033113
2604,-99.7462033113
2611,-99.7462033113
2618,-99.7462033113
2625,-99.7462033113
2632,-99.7462033113
2639,-99.7462033113
2646,-99.7462033113
2653,-99.7462033113
2660,-99.7462033113
2667,-99.7462033113
2674,-99.7462033113
2681,-99.7462033113
2688,-99.7462033113
2695,-99.7462033113
2702,-99.7462033113
2709,-99.7462033113
2716,-99.7462033113
2723,-99.7462033113
2730,-99.7462033113
2737,-99.7462033113
2744,-99.7462033113
2751,-99.7462033113
2758,-99.7462033113
2765,-99.7462033113
2772,-99.7462033113
2779,-99.7462033113
2786,-99.7462033113
2793,-99.7462033113
2800,-99.7462033113
2807,-99.7462033113
2814,-99.7462033113
2821,-99.7462033113
2828,-99.7462033113
2835,-99.7462033113
2842,-99.7462033113
2849,-99.7462033113
2856,-99.7462033113
2863,-99.7462033113
2870,-99.7462033113
2877,-99.7462033113
2884,-99.7462033113
2891,-99.7462033113
2898,-99.7462033113
2905,-99.7462033113
2912,-99.7462033113
2919,92.193049669
2926,-99.7462033113
2933,-99.7462033113
2940,-99.7462033113
2947,-99.7462033113
2954,-99.7462033113
2961,-99.7462033113
2968,-99.7462033113
2975,-99.7462033113
2982,-99.7462033113
2989,-99.7462033113
2996,-99.7462033113
3003,-99.7462033113
3010,-99.7462033113
3017,-99.7462033113
3024,-99.7462033113
3031,-99.7462033113
3038,-99.7462033113
3045,-99.7462033113
3052,115.346171943
3059,115.346171943
3066,115.346171943
3073,115.346171943
3080,-99.7462033113
3087,-99.7462033113
3094,-99.7462033113
3101,107.047721987
3108,115.346171943
3115,115.346171943
3122,115.346171943
3129,-97.2912299905
3136,-99.7462033113
3143,-99.7462033113
3150,-99.7462033113
3157,115.346171943
3164,115.346171943
3171,-97.2912299905
3178,115.346171943
3185,-99.7462033113
3192,-99.7462033113
3199,-99.7462033113
3206,-99.7462033113
3213,-99.7462033113
3220,-99.7462033113
3227,-99.7462033113
3234,-97.2912299905
3241,-99.7462033113
3248,-99.7462033113
3255,-99.7462033113
3262,-99.7462033113
3269,-99.7462033113
3276,-99.7462033113
3283,-99.7462033113
3290,-99.7462033113
3297,-99.7462033113
3304,-99.7462033113
3311,-97.2912299905
3318,-97.2912299905
3325,-97.2912299905
3332,115.346171943
3339,-99.7462033113
3346,115.346171943
3353,-99.7462033113
3360,107.047721987
3367,115.346171943
3374,115.346171943
3381,-99.7462033113
3388,-99.7462033113
3395,-97.2912299905
3402,-97.2912299905
3409,-97.2912299905
3416,-97.2912299905
3423,-97.2912299905
3430,-97.2912299905
3437,-97.2912299905
3444,-97.2912299905
3451,-97.2912299905
3458,-97.2912299905
3465,-97.2912299905
3472,-99.7462033113
3479,107.047721987
3486,115.346171943
3493,107.047721987
3500,115.346171943
3507,-99.7462033113
3514,-99.7462033113
3521,-99.7462033113
3528,-99.7462033113
3535,-99.7462033113
3542,115.346171943
3549,115.346171943
3556,-99.7462033113
3563,-99.7462033113
3570,-99.7462033113
3577,-99.7462033113
3584,-99.7462033113
3591,-99.7462033113
3598,-99.7462033113
3605,-97.2912299905
3612,-99.7462033113
3619,-99.7462033113
3626,-97.2912299905
3633,-99.7462033113
3640,-99.7462033113
3647,-99.7462033113
3654,-99.7462033113
3661,-99.7462033113
3668,-99.7462033113
3675,-97.2912299905
3682,-97.2912299905
3689,-97.2912299905
3696,115.346171943
3703,-97.2912299905
3710,74.1988416115
3717,115.346171943
3724,70.3991312086
3731,-99.7462033113
3738,-99.7462033113
3745,115.346171943
3752,115.346171943
3759,107.047721987
3766,-97.2912299905
3773,100.731016556
3780,100.731016556
3787,-99.7462033113
3794,-99.7462033113
3801,-99.7462033113
3808,70.3991312086
3815,-99.7462033113
3822,115.346171943
3829,-97.2912299905
3836,-99.7462033113
3843,115.346171943
3850,-99.7462033113
3857,107.047721987
3864,107.047721987
3871,-99.7462033113
3878,115.346171943
3885,115.346171943
3892,-99.7462033113
3899,-99.7462033113
3906,-99.7462033113
3913,72.7840807438
3920,115.346171943
3927,-99.7462033113
3934,-99.7462033113
3941,-99.7462033113
3948,-99.7462033113
3955,-99.7462033113
3962,-99.7462033113
3969,-99.7462033113
3976,-97.2912299905
3983,-99.7462033113
3990,-99.7462033113
3997,74.1988416115
4004,107.047721987
4011,-99.7462033113
4018,-99.7462033113
4025,115.346171943
4032,-99.7462033113
4039,-99.7462033113
4046,-99.7462033113
4053,-99.7462033113
4060,-99.7462033113
4067,-99.7462033113
4074,74.1988416115
4081,74.1988416115
4088,-99.7462033113
4095,-99.7462033113
4102,-99.7462033113
4109,-99.7462033113
4116,115.346171943
4123,-99.7462033113
4130,-97.2912299905
4137,-99.7462033113
4144,-99.7462033113
4151,100.731016556
4158,-99.7462033113
4165,-99.7462033113
4172,-99.7462033113
4179,-99.7462033113
4186,-99.7462033113
4193,-99.7462033113
4200,115.346171943
4207,-99.7462033113
4214,-99.7462033113
4221,-99.7462033113
4228,99.7462033113
4235,-99.7462033113
4242,115.346171943
4249,-99.7462033113
4256,115.346171943
4263,115.346171943
4270,115.346171943
4277,115.346171943
4284,115.346171943
4291,-99.7462033113
4298,-99.7462033113
4305,-99.7462033113
4312,115.346171943
4319,115.346171943
4326,115.346171943
4333,-99.7462033113
4340,115.346171943
4347,115.346171943
4354,-99.7462033113
4361,115.346171943
4368,115.346171943
4375,-99.7462033113
4382,-99.7462033113
4389,115.346171943
4396,115.346171943
4403,115.346171943
4410,115.346171943
4417,-99.7462033113
4424,-99.7462033113
4431,115.346171943
4438,-99.7462033113
4445,-99.7462033113
4452,-99.7462033113
4459,-99.7462033113
4466,-99.7462033113
4473,-99.7462033113
4480,-99.7462033113
4487,-99.7462033113
4494,-99.7462033113
4501,-99.7462033113
4508,-99.7462033113
4515,-99.7462033113
4522,-99.7462033113
4529,-99.7462033113
4536,-99.7462033113
4543,-99.7462033113
4550,-99.7462033113
4557,-99.7462033113
4564,-99.7462033113
4571,-99.7462033113
4578,-99.7462033113
4585,-99.7462033113
4592,-99.7462033113
4599,-99.7462033113
4606,-99.7462033113
4613,-99.7462033113
4620,-99.7462033113
4627,92.193049669
4634,-99.7462033113
4641,-99.7462033113
4648,-99.7462033113
4655,-99.7462033113
4662,-99.7462033113
4669,-99.7462033113
4676,72.7840807438
4683,-99.7462033113
4690,-99.7462033113
4697,-99.7462033113
4704,-99.7462033113
4711,-97.2912299905
4718,-99.7462033113
4725,-99.7462033113
4732,-99.7462033113
4739,-99.7462033113
4746,-99.7462033113
4753,-99.7462033113
4760,-99.7462033113
4767,-99.7462033113
4774,-99.7462033113
4781,-99.7462033113
4788,-99.7462033113
4795,-99.7462033113
4802,-99.7462033113
4809,72.7840807438
4816,-99.7462033113
4823,-99.7462033113
4830,-99.7462033113
4837,-99.7462033113
4844,-99.7462033113
4851,115.346171943
4858,-99.7462033113
4865,-99.7462033113
4872,-99.7462033113
4879,115.346171943
4886,115.346171943
4893,-99.7462033113
4900,-99.7462033113
4907,-97.2912299905
4914,-97.2912299905
4921,-99.7462033113
4928,-99.7462033113
4935,-99.7462033113
4942,-99.7462033113
4949,-99.7462033113
4956,-99.7462033113
4963,-99.7462033113
4970,-99.7462033113
4977,-99.7462033113
4984,-99.7462033113
4991,-99.7462033113
4998,-99.7462033113
5005,-99.7462033113
5012,-99.7462033113
5019,-99.7462033113
5026,-99.7462033113
5033,-99.7462033113
5040,-99.7462033113
5047,-99.7462033113
5054,-99.7462033113
5061,-99.7462033113
5068,74.1988416115
5075,-99.7462033113
5082,-99.7462033113
5089,115.346171943
5096,-99.7462033113
5103,115.346171943
5110,100.731016556
5117,-99.7462033113
5124,-99.7462033113
5131,115.346171943
5138,-99.7462033113
5145,-99.7462033113
5152,-99.7462033113
5159,-99.7462033113
5166,-99.7462033113
5173,-99.7462033113
5180,-97.2912299905
5187,100.731016556
5194,-99.7462033113
5201,-99.7462033113
5208,-99.7462033113
5215,-99.7462033113
5222,-99.7462033113
5229,-99.7462033113
5236,-99.7462033113
5243,-99.7462033113
5250,-97.2912299905
5257,-99.7462033113
5264,-97.2912299905
5271,-99.7462033113
5278,-97.2912299905
5285,-99.7462033113
5292,-99.7462033113
5299,-99.7462033113
5306,-99.7462033113
5313,115.346171943
5320,-99.7462033113
5327,-99.7462033113
5334,-99.7462033113
5341,-99.7462033113
5348,-99.7462033113
5355,-99.7462033113
5362,107.047721987
5369,-99.7462033113
5376,-99.7462033113
5383,-99.7462033113
5390,-99.7462033113
5397,-99.7462033113
5404,-99.7462033113
5411,-99.7462033113
5418,-99.7462033113
5425,-99.7462033113
5432,-99.7462033113
5439,-99.7462033113
5446,-99.7462033113
5453,-99.7462033113
5460,-99.7462033113
5467,-99.7462033113
5474,-99.7462033113
5481,-99.7462033113
5488,-99.7462033113
5495,107.047721987
5502,-99.7462033113
5509,115.346171943
5516,115.346171943
5523,115.346171943
5530,115.346171943
5537,115.346171943
5544,115.346171943
5551,115.346171943
5558,115.346171943
5565,107.047721987
5572,-99.7462033113
5579,-97.2912299905
5586,-97.2912299905
5593,107.047721987
5600,-97.2912299905
5607,-99.7462033113
5614,-99.7462033113
5621,115.346171943
5628,70.3991312086
5635,115.346171943
5642,-99.7462033113
5649,-99.7462033113
5656,-99.7462033113
5663,107.047721987
5670,-99.7462033113
5677,-97.2912299905
5684,-99.7462033113
5691,-99.7462033113
5698,-99.7462033113
5705,-99.7462033113
5712,107.047721987
5719,-99.7462033113
5726,115.346171943
5733,115.346171943
5740,-99.7462033113
5747,115.346171943
5754,-99.7462033113
5761,-99.7462033113
5768,-99.7462033113
5775,74.1988416115
5782,70.3991312086
5789,70.3991312086
5796,-97.2912299905
5803,-97.2912299905
5810,115.346171943
5817,115.346171943
5824,-99.7462033113
5831,-99.7462033113
5838,-99.7462033113
5845,-99.7462033113
5852,-99.7462033113
5859,-99.7462033113
5866,115.346171943
5873,115.346171943
5880,115.346171943
5887,115.346171943
5894,-99.7462033113
5901,-99.7462033113
5908,-99.7462033113
5915,74.1988416115
5922,74.1988416115
5929,107.047721987
5936,107.047721987
5943,-99.7462033113
5950,-99.7462033113
5957,107.047721987
5964,107.047721987
5971,-97.2912299905
5978,-99.7462033113
5985,-97.2912299905
5992,-97.2912299905
5999,115.346171943
6006,-99.7462033113
6013,-99.7462033113
6020,-99.7462033113
6027,115.346171943
6034,-99.7462033113
6041,115.346171943
6048,-99.7462033113
6055,-99.7462033113
6062,-99.7462033113
6069,-99.7462033113
6076,-99.7462033113
6083,-97.2912299905
6090,-97.2912299905
6097,-99.7462033113
6104,-99.7462033113
6111,-97.2912299905
6118,115.346171943
6125,-97.2912299905
6132,-99.7462033113
6139,-97.2912299905
6146,-97.2912299905
6153,115.346171943
6160,115.346171943
6167,-97.2912299905
6174,-99.7462033113
6181,115.346171943
6188,115.346171943
6195,115.346171943
6202,-97.2912299905
6209,-97.2912299905
6216,115.346171943
6223,115.346171943
6230,-97.2912299905
6237,115.346171943
6244,-99.7462033113
6251,115.346171943
6258,115.346171943
6265,-99.7462033113
6272,115.346171943
6279,115.346171943
6286,-97.2912299905
6293,-97.2912299905
6300,115.346171943
6307,115.346171943
6314,115.346171943
6321,115.346171943
6328,115.346171943
6335,115.346171943
6342,115.346171943
6349,74.1988416115
6356,-97.2912299905
6363,-97.2912299905
6370,115.346171943
6377,115.346171943
6384,107.047721987
6391,107.047721987
6398,107.047721987
6405,115.346171943
6412,115.346171943
6419,115.346171943
6426,-97.2912299905
6433,115.346171943
6440,115.346171943
6447,115.346171943
6454,115.346171943
6461,115.346171943
6468,115.346171943
6475,115.346171943
6482,115.346171943
6489,-97.2912299905
6496,115.346171943
6503,115.346171943
6510,115.346171943
6517,115.346171943
6524,115.346171943
6531,115.346171943
6538,115.346171943
6545,107.047721987
6552,74.1988416115
6559,115.346171943
6566,-97.2912299905
6573,115.346171943
6580,115.346171943
6587,107.047721987
6594,115.346171943
6601,115.346171943
6608,115.346171943
6615,115.346171943
6622,115.346171943
6629,115.346171943
6636,115.346171943
6643,70.3991312086
6650,115.346171943
6657,107.047721987
6664,-97.2912299905
6671,70.3991312086
6678,115.346171943
6685,115.346171943
6692,115.346171943
6699,115.346171943
6706,115.346171943
6713,115.346171943
6720,115.346171943
6727,115.346171943
6734,115.346171943
6741,115.346171943
6748,115.346171943
6755,115.346171943
6762,115.346171943
6769,115.346171943
6776,115.346171943
6783,115.346171943
6790,74.1988416115
6797,115.346171943
6804,115.346171943
6811,-97.2912299905
6818,115.346171943
6825,70.3991312086
6832,-97.2912299905
6839,-97.2912299905
6846,70.3991312086
6853,115.346171943
6860,-99.7462033113
6867,-99.7462033113
6874,115.346171943
6881,115.346171943
6888,115.346171943
6895,115.346171943
6902,115.346171943
6909,115.346171943
6916,115.346171943
6923,72.7840807438
6930,72.7840807438
6937,115.346171943
6944,70.3991312086
6951,115.346171943
6958,115.346171943
6965,115.346171943
6972,107.047721987
6979,115.346171943
6986,115.346171943
6993,72.7840807438
7000,-97.2912299905
7007,115.346171943
7014,115.346171943
7021,115.346171943
7028,115.346171943
7035,115.346171943
7042,115.346171943
7049,115.346171943
7056,115.346171943
7063,115.346171943
7070,115.346171943
7077,115.346171943
7084,115.346171943
7091,115.346171943
7098,115.346171943
7105,115.346171943
7112,115.346171943
7119,115.346171943
7126,115.346171943
7133,115.346171943
7140,115.346171943
7147,115.346171943
7154,115.346171943
7161,115.346171943
7168,115.346171943
7175,-97.2912299905
7182,107.047721987
7189,115.346171943
7196,115.346171943
7203,115.346171943
7210,115.346171943
7217,115.346171943
7224,70.3991312086
7231,70.3991312086
7238,115.346171943
7245,115.346171943
7252,107.047721987
7259,-97.2912299905
7266,74.1988416115
7273,115.346171943
7280,115.346171943
7287,115.346171943
7294,115.346171943
7301,115.346171943
7308,115.346171943
7315,115.346171943
7322,115.346171943
7329,115.346171943
7336,115.346171943
7343,115.346171943
7350,115.346171943
7357,115.346171943
7364,115.346171943
7371,115.346171943
7378,70.3991312086
7385,70.3991312086
7392,115.346171943
7399,115.346171943
7406,115.346171943
7413,115.346171943
7420,115.346171943
7427,115.346171943
7434,115.346171943
7441,115.346171943
7448,115.346171943
7455,115.346171943
7462,115.346171943
7469,115.346171943
7476,-97.2912299905
7483,115.346171943
7490,115.346171943
7497,115.346171943
7504,-97.2912299905
7511,115.346171943
7518,115.346171943
7525,-97.2912299905
7532,-97.2912299905
7539,115.346171943
7546,72.7840807438
7553,115.346171943
7560,-97.2912299905
7567,115.346171943
7574,115.346171943
7581,115.346171943
7588,115.346171943
7595,115.346171943
7602,115.346171943
7609,115.346171943
7616,115.346171943
7623,115.346171943
7630,115.346171943
7637,-99.7462033113
7644,100.731016556
7651,115.346171943
7658,115.346171943
7665,115.346171943
7672,115.346171943
7679,115.346171943
7686,115.346171943
7693,115.346171943
7700,115.346171943
7707,115.346171943
7714,115.346171943
7721,115.346171943
7728,115.346171943
7735,115.346171943
7742,92.193049669
7749,115.346171943
7756,115.346171943
7763,115.346171943
7770,115.346171943
7777,115.346171943
7784,115.346171943
7791,115.346171943
7798,115.346171943
7805,115.346171943
7812,115.346171943
7819,115.346171943
7826,115.346171943
7833,115.346171943
7840,115.346171943
7847,115.346171943
7854,115.346171943
7861,115.346171943
7868,115.346171943
7875,115.346171943
7882,115.346171943
7889,115.346171943
7896,115.346171943
7903,115.346171943
7910,-97.2912299905
7917,115.346171943
7924,115.346171943
7931,115.346171943
7938,115.346171943
7945,115.346171943
7952,115.346171943
7959,115.346171943
7966,115.346171943
7973,115.346171943
7980,115.346171943
7987,115.346171943
7994,115.346171943
8001,115.346171943
8008,-99.7462033113
8015,115.346171943
8022,115.346171943
8029,115.346171943
8036,-97.2912299905
8043,115.346171943
8050,115.346171943
8057,115.346171943
8064,107.047721987
8071,72.7840807438
8078,72.7840807438
8085,115.346171943
8092,115.346171943
8099,115.346171943
8106,-97.2912299905
8113,115.346171943
8120,115.346171943
8127,115.346171943
8134,115.346171943
8141,115.346171943
8148,70.3991312086
8155,-97.2912299905
8162,-97.2912299905
8169,115.346171943
8176,115.346171943
8183,115.346171943
8190,115.346171943
8197,115.346171943
8204,115.346171943
8211,115.346171943
8218,115.346171943
8225,115.346171943
8232,115.346171943
8239,115.346171943
8246,115.346171943
8253,-97.2912299905
8260,-97.2912299905
8267,115.346171943
8274,115.346171943
8281,115.346171943
8288,115.346171943
8295,72.7840807438
8302,115.346171943
8309,115.346171943
8316,70.3991312086
8323,115.346171943
8330,115.346171943
8337,115.346171943
8344,115.346171943
8351,115.346171943
8358,72.7840807438
8365,115.346171943
8372,115.346171943
8379,115.346171943
8386,107.047721987
8393,115.346171943
8400,115.346171943
8407,115.346171943
8414,115.346171943
8421,115.346171943
8428,115.346171943
8435,115.346171943
8442,115.346171943
8449,115.346171943
8456,115.346171943
8463,115.346171943
8470,115.346171943
8477,115.346171943
8484,115.346171943
8491,115.346171943
8498,115.346171943
8505,72.7840807438
8512,115.346171943
8519,115.346171943
8526,115.346171943
8533,115.346171943
8540,115.346171943
8547,115.346171943
8554,107.047721987
8561,92.193049669
8568,115.346171943
8575,115.346171943
8582,115.346171943
8589,115.346171943
8596,-97.2912299905
8603,115.346171943
8610,115.346171943
8617,-97.2912299905
8624,115.346171943
8631,-97.2912299905
8638,-97.2912299905
8645,115.346171943
8652,115.346171943
8659,115.346171943
8666,115.346171943
8673,107.047721987
8680,107.047721987
8687,107.047721987
8694,107.047721987
8701,107.047721987
8708,115.346171943
8715,115.346171943
8722,115.346171943
8729,115.346171943
8736,115.346171943
8743,115.346171943
8750,115.346171943
8757,-97.2912299905
8764,115.346171943
8771,-99.7462033113
8778,115.346171943
8785,115.346171943
8792,115.346171943
8799,115.346171943
8806,115.346171943
8813,115.346171943
8820,115.346171943
8827,74.1988416115
8834,74.1988416115
8841,115.346171943
8848,115.346171943
8855,115.346171943
8862,115.346171943
8869,115.346171943
8876,115.346171943
8883,115.346171943
8890,115.346171943
8897,115.346171943
8904,115.346171943
8911,115.346171943
8918,115.346171943
8925,-97.2912299905
8932,-99.7462033113
8939,115.346171943
8946,115.346171943
8953,115.346171943
8960,115.346171943
8967,115.346171943
8974,115.346171943
8981,115.346171943
8988,115.346171943
8995,115.346171943
9002,115.346171943
9009,115.346171943
9016,115.346171943
9023,115.346171943
9030,115.346171943
9037,115.346171943
9044,115.346171943
9051,115.346171943
9058,115.346171943
9065,115.346171943
9072,115.346171943
9079,115.346171943
9086,115.346171943
9093,115.346171943
9100,115.346171943
9107,115.346171943
9114,115.346171943
9121,115.346171943
9128,115.346171943
9135,115.346171943
9142,115.346171943
9149,115.346171943
9156,115.346171943
9163,115.346171943
9170,115.346171943
9177,115.346171943
9184,-97.2912299905
9191,72.7840807438
9198,72.7840807438
9205,-72.7840807438
9212,72.7840807438
9219,115.346171943
9226,115.346171943
9233,74.1988416115
9240,107.047721987
9247,115.346171943
9254,115.346171943
9261,115.346171943
9268,115.346171943
9275,115.346171943
9282,-99.7462033113
9289,99.7462033113
9296,-99.7462033113
9303,-99.7462033113
9310,99.7462033113
9317,-99.7462033113
9324,74.1988416115
9331,-97.2912299905
9338,115.346171943
9345,115.346171943
9352,115.346171943
9359,115.346171943
9366,115.346171943
9373,115.346171943
9380,-115.346171943
9387,115.346171943
9394,115.346171943
9401,115.346171943
9408,115.346171943
9415,115.346171943
9422,115.346171943
9429,115.346171943
9436,115.346171943
9443,115.346171943
9450,115.346171943
9457,115.346171943
9464,115.346171943
9471,115.346171943
9478,115.346171943
9485,115.346171943
9492,115.346171943
9499,115.346171943
9506,115.346171943
9513,115.346171943
9520,115.346171943
9527,115.346171943
9534,115.346171943
9541,115.346171943
9548,115.346171943
9555,115.346171943
9562,115.346171943
9569,115.346171943
9576,115.346171943
9583,115.346171943
9590,115.346171943
9597,115.346171943
9604,115.346171943
9611,115.346171943
9618,115.346171943
9625,115.346171943
9632,115.346171943
9639,115.346171943
9646,115.346171943
9653,115.346171943
9660,115.346171943
9667,115.346171943
9674,115.346171943
9681,115.346171943
9688,115.346171943
9695,115.346171943
9702,115.346171943
9709,115.346171943
9716,115.346171943
9723,115.346171943
9730,115.346171943
9737,115.346171943
9744,115.346171943
9751,115.346171943
9758,115.346171943
9765,115.346171943
9772,115.346171943
9779,-99.7462033113
9786,115.346171943
9793,115.346171943
9800,115.346171943
9807,115.346171943
9814,115.346171943
9821,115.346171943
9828,115.346171943
9835,115.346171943
9842,115.346171943
9849,115.346171943
9856,115.346171943
9863,115.346171943
9870,115.346171943
9877,115.346171943
9884,115.346171943
9891,115.346171943
9898,115.346171943
9905,115.346171943
9912,115.346171943
9919,115.346171943
9926,115.346171943
9933,115.346171943
9940,115.346171943
9947,115.346171943
9954,115.346171943
9961,115.346171943
9968,-97.2912299905
9975,115.346171943
9982,115.346171943
9989,115.346171943
9996,115.346171943
10003,115.346171943
10010,115.346171943
10017,115.346171943
10024,115.346171943
10031,107.047721987
10038,115.346171943
10045,115.346171943
10052,115.346171943
10059,115.346171943
10066,115.346171943
10073,115.346171943
10080,115.346171943
10087,115.346171943
10094,115.346171943
10101,115.346171943
10108,115.346171943
10115,115.346171943
10122,115.346171943
10129,115.346171943
10136,115.346171943
10143,115.346171943
10150,115.346171943
10157,115.346171943
10164,115.346171943
10171,115.346171943
10178,115.346171943
10185,115.346171943
10192,115.346171943
10199,115.346171943
10206,115.346171943
10213,115.346171943
10220,115.346171943
10227,115.346171943
10234,115.346171943
10241,115.346171943
10248,-99.7462033113
10255,115.346171943
10262,115.346171943
10269,115.346171943
10276,115.346171943
10283,-97.2912299905
10290,-97.2912299905
10297,115.346171943
10304,115.346171943
10311,115.346171943
10318,115.346171943
10325,115.346171943
10332,115.346171943
10339,115.346171943
10346,115.346171943
10353,115.346171943
10360,115.346171943
10367,115.346171943
10374,115.346171943
10381,107.047721987
10388,107.047721987
10395,115.346171943
10402,115.346171943
10409,115.346171943
10416,115.346171943
10423,115.346171943
10430,115.346171943
10437,115.346171943
10444,107.047721987
10451,70.3991312086
10458,70.3991312086
10465,70.3991312086
10472,-99.7462033113
10479,107.047721987
10486,115.346171943
10493,-97.2912299905
10500,115.346171943
10507,115.346171943
10514,115.346171943
10521,115.346171943
10528,115.346171943
10535,115.346171943
10542,115.346171943
10549,115.346171943
10556,115.346171943
10563,115.346171943
10570,115.346171943
10577,115.346171943
10584,115.346171943
10591,115.346171943
10598,115.346171943
10605,115.346171943
10612,115.346171943
10619,115.346171943
10626,115.346171943
10633,115.346171943
10640,115.346171943
10647,107.047721987
10654,115.346171943
10661,115.346171943
10668,115.346171943
10675,115.346171943
10682,107.047721987
10689,115.346171943
10696,70.3991312086
10703,115.346171943
10710,115.346171943
10717,115.346171943
10724,115.346171943
10731,115.346171943
10738,115.346171943
10745,115.346171943
10752,115.346171943
10759,72.7840807438
10766,115.346171943
10773,-97.2912299905
10780,115.346171943
10787,115.346171943
10794,115.346171943
10801,115.346171943
10808,115.346171943
10815,72.7840807438
10822,115.346171943
10829,70.3991312086
10836,115.346171943
10843,115.346171943
10850,115.346171943
10857,115.346171943
10864,115.346171943
10871,115.346171943
10878,115.346171943
10885,115.346171943
10892,115.346171943
10899,115.346171943
10906,115.346171943
10913,115.346171943
10920,107.047721987
10927,115.346171943
10934,115.346171943
10941,115.346171943
10948,115.346171943
10955,115.346171943
10962,115.346171943
10969,115.346171943
10976,115.346171943
10983,115.346171943
10990,115.346171943
10997,92.193049669
11004,115.346171943
11011,-97.2912299905
11018,115.346171943
11025,115.346171943
11032,115.346171943
11039,115.346171943
11046,107.047721987
11053,115.346171943
11060,115.346171943
11067,115.346171943
11074,115.346171943
11081,115.346171943
11088,115.346171943
11095,115.346171943
11102,115.346171943
11109,115.346171943
11116,107.047721987
11123,115.346171943
11130,72.7840807438
11137,72.7840807438
11144,115.346171943
11151,115.346171943
11158,115.346171943
11165,115.346171943
11172,115.346171943
11179,115.346171943
11186,115.346171943
11193,-99.7462033113
11200,-99.7462033113
11207,115.346171943
11214,115.346171943
11221,72.7840807438
11228,115.346171943
11235,115.346171943
11242,-97.2912299905
11249,115.346171943
11256,115.346171943
11263,115.346171943
11270,92.193049669
11277,115.346171943
11284,115.346171943
11291,115.346171943
11298,115.346171943
11305,115.346171943
11312,115.346171943
11319,74.1988416115
11326,115.346171943
11333,115.346171943
11340,-97.2912299905
11347,115.346171943
11354,115.346171943
11361,115.346171943
11368,115.346171943
11375,115.346171943
11382,115.346171943
11389,115.346171943
11396,-97.2912299905
11403,115.346171943
11410,115.346171943
11417,115.346171943
11424,115.346171943
11431,115.346171943
11438,115.346171943
11445,115.346171943
11452,115.346171943
11459,115.346171943
11466,115.346171943
11473,115.346171943
11480,115.346171943
11487,107.047721987
11494,-97.2912299905
11501,115.346171943
11508,115.346171943
11515,115.346171943
11522,115.346171943
11529,115.346171943
11536,115.346171943
11543,107.047721987
11550,115.346171943
11557,115.346171943
11564,115.346171943
11571,115.346171943
11578,115.346171943
11585,115.346171943
11592,115.346171943
11599,115.346171943
11606,115.346171943
11613,115.346171943
11620,-97.2912299905
11627,-97.2912299905
11634,115.346171943
11641,115.346171943
11648,115.346171943
11655,115.346171943
11662,115.346171943
11669,115.346171943
11676,115.346171943
11683,115.346171943
11690,115.346171943
11697,-99.7462033113
11704,-97.2912299905
11711,-97.2912299905
11718,-97.2912299905
11725,-97.2912299905
11732,107.047721987
11739,-99.7462033113
11746,-99.7462033113
11753,115.346171943
11760,74.1988416115
11767,115.346171943
11774,115.346171943
11781,115.346171943
11788,115.346171943
11795,115.346171943
11802,115.346171943
11809,74.1988416115
11816,74.1988416115
11823,-99.7462033113
11830,115.346171943
11837,107.047721987
11844,115.346171943
11851,115.346171943
11858,-97.2912299905
11865,115.346171943
11872,115.346171943
11879,115.346171943
11886,115.346171943
11893,115.346171943
11900,115.346171943
11907,115.346171943
11914,-97.2912299905
11921,115.346171943
11928,115.346171943
11935,115.346171943
11942,-97.2912299905
11949,-97.2912299905
11956,115.346171943
11963,115.346171943
11970,115.346171943
11977,115.346171943
11984,115.346171943
11991,115.346171943
11998,115.346171943
12005,115.346171943
12012,-99.7462033113
12019,115.346171943
12026,115.346171943
12033,115.346171943
12040,-97.2912299905
12047,-97.2912299905
12054,-97.2912299905
12061,-97.2912299905
12068,115.346171943
12075,-97.2912299905
12082,115.346171943
12089,115.346171943
12096,107.047721987
12103,115.346171943
12110,70.3991312086
12117,107.047721987
12124,115.346171943
12131,70.3991312086
12138,115.346171943
12145,115.346171943
12152,115.346171943
12159,115.346171943
12166,115.346171943
12173,115.346171943
12180,115.346171943
12187,107.047721987
12194,-97.2912299905
12201,-97.2912299905
12208,115.346171943
12215,115.346171943
12222,115.346171943
12229,115.346171943
12236,115.346171943
12243,115.346171943
12250,115.346171943
12257,115.346171943
12264,115.346171943
12271,115.346171943
12278,115.346171943
12285,-99.7462033113
12292,-99.7462033113
12299,115.346171943
12306,115.346171943
12313,115.346171943
12320,115.346171943
12327,115.346171943
12334,115.346171943
12341,115.346171943
12348,115.346171943
12355,115.346171943
12362,115.346171943
12369,107.047721987
12376,115.346171943
12383,115.346171943
12390,115.346171943
12397,115.346171943
12404,115.346171943
12411,115.346171943
12418,115.346171943
12425,115.346171943
12432,115.346171943
12439,115.346171943
12446,115.346171943
12453,115.346171943
12460,115.346171943
12467,115.346171943
12474,115.346171943
12481,-97.2912299905
12488,115.346171943
12495,115.346171943
12502,115.346171943
12509,115.346171943
12516,-97.2912299905
12523,107.047721987
12530,115.346171943
12537,115.346171943
12544,115.346171943
12551,115.346171943
12558,115.346171943
12565,115.346171943
12572,115.346171943
12579,-115.346171943
12586,115.346171943
12593,115.346171943
12600,115.346171943
12607,115.346171943
12614,115.346171943
12621,-97.2912299905
12628,115.346171943
12635,-97.2912299905
12642,115.346171943
12649,115.346171943
12656,115.346171943
12663,92.193049669
12670,70.3991312086
12677,70.3991312086
12684,107.047721987
12691,70.3991312086
12698,115.346171943
12705,107.047721987
12712,92.193049669
12719,115.346171943
12726,-97.2912299905
12733,-97.2912299905
12740,115.346171943
12747,72.7840807438
12754,-99.7462033113
12761,92.193049669
12768,92.193049669
12775,92.193049669
12782,115.346171943
12789,92.193049669
12796,92.193049669
12803,92.193049669
12810,92.193049669
12817,92.193049669
12824,115.346171943
12831,-97.2912299905
12838,107.047721987
12845,115.346171943
12852,-99.7462033113
12859,107.047721987
12866,70.3991312086
12873,107.047721987
12880,70.3991312086
12887,115.346171943
12894,92.193049669
12901,107.047721987
12908,74.1988416115
12915,115.346171943
12922,107.047721987
12929,107.047721987
12936,70.3991312086
12943,115.346171943
12950,-99.7462033113
12957,-97.2912299905
12964,115.346171943
12971,92.193049669
12978,92.193049669
12985,92.193049669
12992,92.193049669
12999,92.193049669
13006,92.193049669
13013,92.193049669
13020,-97.2912299905
13027,-97.2912299905
13034,-97.2912299905
13041,-97.2912299905
13048,-97.2912299905
13055,92.193049669
13062,115.346171943
13069,115.346171943
13076,107.047721987
13083,107.047721987
13090,-97.2912299905
13097,92.193049669
13104,115.346171943
13111,115.346171943
13118,-99.7462033113
13125,92.193049669
13132,74.1988416115
13139,74.1988416115
13146,92.193049669
13153,92.193049669
13160,-97.2912299905
13167,-97.2912299905
13174,-97.2912299905
13181,107.047721987
13188,92.193049669
13195,92.193049669
13202,72.7840807438
13209,-99.7462033113
13216,-97.2912299905
13223,115.346171943
13230,115.346171943
13237,-99.7462033113
13244,-97.2912299905
13251,-97.2912299905
13258,-99.7462033113
13265,92.193049669
13272,107.047721987
13279,107.047721987
13286,107.047721987
13293,-99.7462033113
13300,-97.2912299905
13307,-99.7462033113
13314,-97.2912299905
13321,107.047721987
13328,107.047721987
13335,-97.2912299905
13342,115.346171943
13349,92.193049669
13356,115.346171943
13363,-97.2912299905
13370,107.047721987
13377,-97.2912299905
13384,-97.2912299905
13391,92.193049669
13398,92.193049669
13405,92.193049669
13412,92.193049669
13419,115.346171943
13426,115.346171943
13433,115.346171943
13440,92.193049669
13447,92.193049669
13454,92.193049669
13461,92.193049669
13468,92.193049669
13475,92.193049669
13482,92.193049669
13489,-97.2912299905
13496,107.047721987
13503,92.193049669
13510,115.346171943
13517,70.3991312086
13524,92.193049669
13531,92.193049669
13538,115.346171943
13545,-97.2912299905
13552,115.346171943
13559,-99.7462033113
13566,107.047721987
13573,74.1988416115
13580,107.047721987
13587,70.3991312086
13594,115.346171943
13601,115.346171943
13608,72.7840807438
13615,72.7840807438
13622,72.7840807438
13629,70.3991312086
13636,70.3991312086
13643,70.3991312086
13650,-97.2912299905
13657,70.3991312086
13664,70.3991312086
13671,70.3991312086
13678,74.1988416115
13685,-97.2912299905
13692,115.346171943
13699,115.346171943
13706,115.346171943
13713,70.3991312086
13720,115.346171943
13727,-99.7462033113
13734,70.3991312086
13741,70.3991312086
13748,-97.2912299905
13755,-97.2912299905
13762,70.3991312086
13769,115.346171943
13776,70.3991312086
13783,70.3991312086
13790,74.1988416115
13797,115.346171943
13804,-97.2912299905
13811,70.3991312086
13818,70.3991312086
13825,-97.2912299905
13832,-97.2912299905
13839,70.3991312086
13846,72.7840807438
13853,70.3991312086
13860,70.3991312086
13867,70.3991312086
13874,70.3991312086
13881,70.3991312086
13888,115.346171943
13895,-97.2912299905
13902,107.047721987
13909,70.3991312086
13916,70.3991312086
13923,70.3991312086
13930,70.3991312086
13937,70.3991312086
13944,70.3991312086
13951,115.346171943
13958,70.3991312086
13965,70.3991312086
13972,70.3991312086
13979,70.3991312086
13986,70.3991312086
13993,70.3991312086
14000,115.346171943
14007,115.346171943
14014,70.3991312086
14021,115.346171943
14028,-99.7462033113
14035,-97.2912299905
14042,70.3991312086
14049,70.3991312086
14056,-97.2912299905
14063,70.3991312086
14070,-99.7462033113
14077,70.3991312086
14084,70.3991312086
14091,70.3991312086
14098,72.7840807438
14105,72.7840807438
14112,72.7840807438
14119,70.3991312086
14126,70.3991312086
14133,107.047721987
14140,-97.2912299905
14147,-97.2912299905
14154,-97.2912299905
14161,72.7840807438
14168,72.7840807438
14175,115.346171943
14182,70.3991312086
14189,70.3991312086
14196,70.3991312086
14203,70.3991312086
14210,70.3991312086
14217,70.3991312086
14224,115.346171943
14231,115.346171943
14238,70.3991312086
14245,70.3991312086
14252,70.3991312086
14259,70.3991312086
14266,115.346171943
14273,115.346171943
14280,115.346171943
14287,70.3991312086
14294,115.346171943
14301,70.3991312086
14308,115.346171943
14315,70.3991312086
14322,70.3991312086
14329,115.346171943
14336,115.346171943
14343,115.346171943
14350,70.3991312086
14357,115.346171943
14364,115.346171943
14371,-99.7462033113
14378,70.3991312086
14385,70.3991312086
14392,70.3991312086
14399,70.3991312086
14406,115.346171943
14413,115.346171943
14420,70.3991312086
14427,70.3991312086
14434,70.3991312086
14441,70.3991312086
14448,70.3991312086
14455,70.3991312086
14462,70.3991312086
14469,115.346171943
14476,70.3991312086
14483,70.3991312086
14490,70.3991312086
14497,70.3991312086
14504,70.3991312086
14511,-97.2912299905
14518,115.346171943
14525,115.346171943
14532,115.346171943
14539,70.3991312086
14546,70.3991312086
14553,70.3991312086
14560,115.346171943
14567,115.346171943
14574,70.3991312086
14581,115.346171943
14588,115.346171943
14595,115.346171943
14602,115.346171943
14609,74.1988416115
14616,74.1988416115
14623,74.1988416115
14630,74.1988416115
14637,-97.2912299905
14644,74.1988416115
14651,74.1988416115
14658,74.1988416115
14665,74.1988416115
14672,74.1988416115
14679,74.1988416115
14686,115.346171943
14693,74.1988416115
14700,70.3991312086
14707,70.3991312086
14714,74.1988416115
14721,74.1988416115
14728,-97.2912299905
14735,74.1988416115
14742,107.047721987
14749,74.1988416115
14756,100.731016556
14763,74.1988416115
14770,74.1988416115
14777,74.1988416115
14784,74.1988416115
14791,107.047721987
14798,74.1988416115
14805,72.7840807438
14812,115.346171943
14819,74.1988416115
14826,-99.7462033113
14833,-99.7462033113
14840,107.047721987
14847,107.047721987
14854,-97.2912299905
14861,74.1988416115
14868,74.1988416115
14875,74.1988416115
14882,115.346171943
14889,72.7840807438
14896,72.7840807438
14903,-99.7462033113
14910,70.3991312086
14917,70.3991312086
14924,107.047721987
14931,115.346171943
14938,74.1988416115
14945,74.1988416115
14952,74.1988416115
14959,74.1988416115
14966,74.1988416115
14973,74.1988416115
14980,74.1988416115
14987,74.1988416115
14994,107.047721987
15001,-97.2912299905
15008,-97.2912299905
15015,115.346171943
15022,74.1988416115
15029,74.1988416115
15036,74.1988416115
15043,-97.2912299905
15050,-97.2912299905
15057,107.047721987
15064,115.346171943
15071,74.1988416115
15078,74.1988416115
15085,74.1988416115
15092,74.1988416115
15099,74.1988416115
15106,74.1988416115
15113,115.346171943
15120,74.1988416115
15127,74.1988416115
15134,74.1988416115
15141,74.1988416115
15148,74.1988416115
15155,74.1988416115
15162,74.1988416115
15169,74.1988416115
15176,74.1988416115
15183,74.1988416115
15190,72.7840807438
15197,74.1988416115
15204,74.1988416115
15211,74.1988416115
15218,-97.2912299905
15225,-97.2912299905
15232,-97.2912299905
15239,107.047721987
15246,-97.2912299905
15253,107.047721987
15260,-97.2912299905
15267,115.346171943
15274,74.1988416115
15281,74.1988416115
15288,74.1988416115
15295,74.1988416115
15302,74.1988416115
15309,-99.7462033113
15316,74.1988416115
15323,74.1988416115
15330,74.1988416115
15337,107.047721987
15344,74.1988416115
15351,74.1988416115
15358,74.1988416115
15365,74.1988416115
15372,74.1988416115
15379,74.1988416115
15386,74.1988416115
15393,74.1988416115
15400,74.1988416115
15407,107.047721987
15414,74.1988416115
15421,74.1988416115
15428,74.1988416115
15435,74.1988416115
15442,74.1988416115
15449,74.1988416115
15456,74.1988416115
15463,74.1988416115
15470,74.1988416115
15477,100.731016556
15484,74.1988416115
15491,74.1988416115
15498,74.1988416115
15505,74.1988416115
15512,74.1988416115
15519,74.1988416115
15526,115.346171943
15533,115.346171943
15540,74.1988416115
15547,107.047721987
15554,115.346171943
15561,74.1988416115
15568,115.346171943
15575,74.1988416115
15582,74.1988416115
15589,74.1988416115
15596,74.1988416115
15603,74.1988416115
15610,74.1988416115
15617,74.1988416115
15624,115.346171943
15631,115.346171943
15638,74.1988416115
15645,74.1988416115
15652,74.1988416115
15659,74.1988416115
15666,74.1988416115
15673,74.1988416115
15680,74.1988416115
15687,74.1988416115
15694,74.1988416115
15701,-99.7462033113
15708,72.7840807438
15715,74.1988416115
15722,74.1988416115
15729,74.1988416115
15736,74.1988416115
15743,74.1988416115
15750,74.1988416115
15757,74.1988416115
15764,74.1988416115
15771,74.1988416115
15778,74.1988416115
15785,74.1988416115
15792,115.346171943
15799,74.1988416115
15806,-97.2912299905
15813,92.193049669
15820,115.346171943
15827,-99.7462033113
15834,92.193049669
15841,72.7840807438
15848,-97.2912299905
15855,115.346171943
15862,115.346171943
15869,115.346171943
15876,115.346171943
15883,115.346171943
15890,107.047721987
15897,107.047721987
15904,92.193049669
15911,-99.7462033113
15918,-99.7462033113
15925,115.346171943
15932,-97.2912299905
15939,72.7840807438
15946,115.346171943
15953,115.346171943
15960,115.346171943
15967,92.193049669
15974,115.346171943
15981,92.193049669
15988,72.7840807438
15995,72.7840807438
16002,72.7840807438
16009,107.047721987
16016,-97.2912299905
16023,-97.2912299905
16030,115.346171943
16037,115.346171943
16044,115.346171943
16051,100.731016556
16058,100.731016556
16065,100.731016556
16072,100.731016556
16079,100.731016556
16086,100.731016556
16093,100.731016556
16100,-97.2912299905
16107,107.047721987
16114,115.346171943
16121,-97.2912299905
16128,100.731016556
16135,115.346171943
16142,-97.2912299905
16149,115.346171943
16156,-97.2912299905
16163,74.1988416115
16170,-97.2912299905
16177,115.346171943
16184,115.346171943
16191,115.346171943
16198,115.346171943
16205,115.346171943
16212,115.346171943
16219,-97.2912299905
16226,115.346171943
16233,115.346171943
16240,-99.7462033113
16247,-99.7462033113
16254,100.731016556
16261,100.731016556
16268,115.346171943
16275,100.731016556
16282,100.731016556
16289,115.346171943
16296,100.731016556
16303,100.731016556
16310,100.731016556
16317,100.731016556
16324,100.731016556
16331,115.346171943
16338,100.731016556
16345,115.346171943
16352,115.346171943
16359,-97.2912299905
16366,-97.2912299905
16373,-97.2912299905
16380,100.731016556
16387,100.731016556
16394,100.731016556
16401,115.346171943
16408,100.731016556
16415,100.731016556
16422,115.346171943
16429,115.346171943
16436,115.346171943
16443,100.731016556
16450,100.731016556
16457,115.346171943
16464,115.346171943
16471,100.731016556
16478,100.731016556
16485,115.346171943
16492,115.346171943
16499,115.346171943
16506,100.731016556
16513,115.346171943
16520,100.731016556
16527,115.346171943
16534,115.346171943
16541,115.346171943
16548,115.346171943
16555,115.346171943
16562,115.346171943
16569,115.346171943
16576,72.7840807438
16583,72.7840807438
16590,-97.2912299905
16597,72.7840807438
16604,72.7840807438
16611,72.7840807438
16618,72.7840807438
16625,72.7840807438
16632,74.1988416115
16639,74.1988416115
16646,74.1988416115
16653,72.7840807438
16660,72.7840807438
16667,72.7840807438
16674,72.7840807438
16681,72.7840807438
16688,-99.7462033113
16695,72.7840807438
16702,107.047721987
16709,72.7840807438
16716,72.7840807438
16723,-97.2912299905
16730,-99.7462033113
16737,72.7840807438
16744,115.346171943
16751,115.346171943
16758,72.7840807438
16765,72.7840807438
16772,72.7840807438
16779,72.7840807438
16786,72.7840807438
16793,72.7840807438
16800,72.7840807438
16807,72.7840807438
16814,72.7840807438
16821,115.346171943
16828,115.346171943
16835,115.346171943
16842,74.1988416115
16849,72.7840807438
16856,72.7840807438
16863,72.7840807438
16870,-97.2912299905
16877,115.346171943
16884,72.7840807438
16891,72.7840807438
16898,115.346171943
16905,-97.2912299905
16912,72.7840807438
16919,72.7840807438
16926,72.7840807438
16933,72.7840807438
16940,92.193049669
16947,115.346171943
16954,-97.2912299905
16961,72.7840807438
16968,72.7840807438
16975,72.7840807438
16982,72.7840807438
16989,72.7840807438
16996,72.7840807438
17003,72.7840807438
17010,72.7840807438
17017,72.7840807438
17024,72.7840807438
17031,-97.2912299905
17038,72.7840807438
17045,107.047721987
17052,-97.2912299905
17059,72.7840807438
17066,72.7840807438
17073,72.7840807438
17080,-97.2912299905
17087,-97.2912299905
17094,-97.2912299905
17101,72.7840807438
17108,72.7840807438
17115,72.7840807438
17122,72.7840807438
17129,-99.7462033113
17136,72.7840807438
17143,72.7840807438
17150,72.7840807438
17157,72.7840807438
17164,72.7840807438
17171,72.7840807438
17178,72.7840807438
17185,72.7840807438
17192,92.193049669
17199,72.7840807438
17206,72.7840807438
17213,72.7840807438
17220,72.7840807438
17227,72.7840807438
17234,-97.2912299905
17241,-97.2912299905
17248,-97.2912299905
17255,115.346171943
17262,107.047721987
17269,72.7840807438
17276,72.7840807438
17283,72.7840807438
17290,92.193049669
17297,115.346171943
17304,-97.2912299905
17311,-97.2912299905
17318,72.7840807438
17325,72.7840807438
17332,72.7840807438
17339,72.7840807438
17346,72.7840807438
17353,72.7840807438
17360,72.7840807438
17367,-97.2912299905
17374,-97.2912299905
17381,-97.2912299905
17388,-99.7462033113
17395,-99.7462033113
17402,-99.7462033113
17409,72.7840807438
17416,72.7840807438
17423,72.7840807438
17430,72.7840807438
17437,115.346171943
17444,72.7840807438
17451,72.7840807438
17458,72.7840807438
17465,72.7840807438
17472,72.7840807438
17479,72.7840807438
17486,72.7840807438
17493,72.7840807438
17500,72.7840807438
17507,72.7840807438
17514,72.7840807438
17521,72.7840807438
17528,72.7840807438
17535,72.7840807438
17542,72.7840807438
17549,72.7840807438
17556,72.7840807438
17563,72.7840807438
17570,72.7840807438
17577,115.346171943
17584,72.7840807438
17591,72.7840807438
17598,72.7840807438
17605,72.7840807438
17612,72.7840807438
17619,-99.7462033113
17626,99.7462033113
17633,-99.7462033113
17640,-99.7462033113
17647,-99.7462033113
17654,107.047721987
17661,72.7840807438
17668,72.7840807438
17675,72.7840807438
17682,72.7840807438
17689,-97.2912299905
17696,72.7840807438
17703,72.7840807438
17710,72.7840807438
17717,-97.2912299905
17724,-97.2912299905
17731,-97.2912299905
17738,72.7840807438
17745,72.7840807438
17752,-97.2912299905
17759,72.7840807438
17766,72.7840807438
17773,72.7840807438
17780,72.7840807438
17787,72.7840807438
17794,72.7840807438
17801,72.7840807438
17808,72.7840807438
17815,107.047721987
17822,72.7840807438
17829,-99.7462033113
17836,72.7840807438
17843,72.7840807438
17850,72.7840807438
17857,72.7840807438
17864,72.7840807438
17871,72.7840807438
17878,72.7840807438
17885,72.7840807438
17892,72.7840807438
17899,72.7840807438
17906,70.3991312086
17913,115.346171943
17920,-97.2912299905
17927,-97.2912299905
17934,115.346171943
17941,-97.2912299905
17948,-97.2912299905
17955,-97.2912299905
17962,-97.2912299905
17969,-97.2912299905
17976,-97.2912299905
17983,-97.2912299905
17990,-97.2912299905
17997,-97.2912299905
18004,115.346171943
18011,-99.7462033113
18018,-97.2912299905
18025,-97.2912299905
18032,-97.2912299905
18039,-97.2912299905
18046,100.731016556
18053,-97.2912299905
18060,-97.2912299905
18067,-97.2912299905
18074,-97.2912299905
18081,72.7840807438
18088,-97.2912299905
18095,-97.2912299905
18102,-97.2912299905
18109,107.047721987
18116,-97.2912299905
18123,-97.2912299905
18130,-97.2912299905
18137,-97.2912299905
18144,115.346171943
18151,107.047721987
18158,-97.2912299905
18165,-97.2912299905
18172,-97.2912299905
18179,-97.2912299905
18186,-97.2912299905
18193,115.346171943
18200,-97.2912299905
18207,107.047721987
18214,72.7840807438
18221,-97.2912299905
18228,-97.2912299905
18235,-97.2912299905
18242,70.3991312086
18249,-97.2912299905
18256,-97.2912299905
18263,-97.2912299905
18270,-97.2912299905
18277,115.346171943
18284,-99.7462033113
18291,115.346171943
18298,115.346171943
18305,107.047721987
18312,-97.2912299905
18319,115.346171943
18326,-97.2912299905
18333,-97.2912299905
18340,-97.2912299905
18347,-97.2912299905
18354,-97.2912299905
18361,70.3991312086
18368,-97.2912299905
18375,-97.2912299905
18382,-97.2912299905
18389,115.346171943
18396,-97.2912299905
18403,-97.2912299905
18410,92.193049669
18417,107.047721987
18424,92.193049669
18431,-97.2912299905
18438,-97.2912299905
18445,-97.2912299905
18452,-97.2912299905
18459,115.346171943
18466,-97.2912299905
18473,70.3991312086
18480,70.3991312086
18487,115.346171943
18494,-97.2912299905
18501,-97.2912299905
18508,-97.2912299905
18515,-97.2912299905
18522,-97.2912299905
18529,97.2912299905
18536,-97.2912299905
18543,74.1988416115
18550,72.7840807438
18557,-97.2912299905
18564,-97.2912299905
18571,-97.2912299905
18578,-97.2912299905
18585,-97.2912299905
18592,115.346171943
18599,-97.2912299905
18606,-97.2912299905
18613,107.047721987
18620,115.346171943
18627,-97.2912299905
18634,-97.2912299905
18641,70.3991312086
18648,70.3991312086
18655,115.346171943
18662,115.346171943
18669,-97.2912299905
18676,115.346171943
18683,-97.2912299905
18690,115.346171943
18697,-97.2912299905
18704,-97.2912299905
18711,-97.2912299905
18718,-97.2912299905
18725,-97.2912299905
18732,-97.2912299905
18739,-97.2912299905
18746,-97.2912299905
18753,-97.2912299905
18760,-97.2912299905
18767,-97.2912299905
18774,-97.2912299905
18781,-97.2912299905
18788,-97.2912299905
18795,-97.2912299905
18802,-97.2912299905
18809,-97.2912299905
18816,-97.2912299905
18823,-97.2912299905
18830,-97.2912299905
18837,-97.2912299905
18844,-97.2912299905
18851,72.7840807438
18858,115.346171943
18865,-97.2912299905
18872,-97.2912299905
18879,-97.2912299905
18886,-97.2912299905
18893,-97.2912299905
18900,72.7840807438
18907,-99.7462033113
18914,107.047721987
18921,107.047721987
18928,107.047721987
18935,107.047721987
18942,70.3991312086
18949,-97.2912299905
18956,115.346171943
18963,-97.2912299905
18970,-97.2912299905
18977,-97.2912299905
18984,-97.2912299905
18991,115.346171943
18998,115.346171943
19005,115.346171943
19012,115.346171943
19019,-97.2912299905
19026,-97.2912299905
19033,-97.2912299905
19040,-97.2912299905
19047,-97.2912299905
19054,-97.2912299905
19061,-97.2912299905
19068,-97.2912299905
19075,-97.2912299905
19082,-99.7462033113
19089,-97.2912299905
19096,-97.2912299905
19103,-97.2912299905
19110,-97.2912299905
19117,97.2912299905
19124,-97.2912299905
19131,-99.7462033113
19138,-97.2912299905
19145,-97.2912299905
19152,-97.2912299905
19159,-99.7462033113
19166,-99.7462033113
19173,-97.2912299905
19180,-99.7462033113
19187,-97.2912299905
19194,-99.7462033113
19201,-99.7462033113
19208,-99.7462033113
19215,-97.2912299905
19222,-97.2912299905
19229,-99.7462033113
19236,-99.7462033113
19243,-99.7462033113
19250,-99.7462033113
19257,-99.7462033113
19264,-97.2912299905
19271,-99.7462033113
19278,-99.7462033113
19285,-97.2912299905
19292,-97.2912299905
19299,-97.2912299905
19306,-97.2912299905
19313,107.047721987
19320,-97.2912299905
19327,115.346171943
19334,107.047721987
19341,-97.2912299905
19348,-97.2912299905
19355,-97.2912299905
19362,-97.2912299905
19369,-97.2912299905
19376,-97.2912299905
19383,-97.2912299905
19390,-97.2912299905
19397,-97.2912299905
19404,-97.2912299905
19411,-97.2912299905
19418,-97.2912299905
19425,115.346171943
19432,-97.2912299905
19439,-97.2912299905
19446,-97.2912299905
19453,72.7840807438
19460,107.047721987
19467,-97.2912299905
19474,115.346171943
19481,-97.2912299905
19488,-97.2912299905
19495,-97.2912299905
19502,115.346171943
19509,-97.2912299905
19516,-97.2912299905
19523,-97.2912299905
19530,115.346171943
19537,-97.2912299905
19544,-97.2912299905
19551,115.346171943
19558,-97.2912299905
19565,-97.2912299905
19572,-97.2912299905
19579,-97.2912299905
19586,-97.2912299905
19593,115.346171943
19600,115.346171943
19607,115.346171943
19614,107.047721987
19621,107.047721987
19628,-97.2912299905
19635,92.193049669
19642,-97.2912299905
19649,-97.2912299905
19656,-97.2912299905
19663,-97.2912299905
19670,-97.2912299905
19677,-97.2912299905
19684,-97.2912299905
19691,-97.2912299905
19698,-97.2912299905
19705,-97.2912299905
19712,-97.2912299905
19719,-97.2912299905
19726,-99.7462033113
19733,-97.2912299905
19740,-97.2912299905
19747,-97.2912299905
19754,-97.2912299905
19761,-97.2912299905
19768,-97.2912299905
19775,-97.2912299905
19782,-97.2912299905
19789,-99.7462033113
19796,-97.2912299905
19803,-97.2912299905
19810,-97.2912299905
19817,-97.2912299905
19824,-97.2912299905
19831,-97.2912299905
19838,107.047721987
19845,107.047721987
19852,107.047721987
19859,107.047721987
19866,-97.2912299905
19873,-97.2912299905
19880,-97.2912299905
19887,-97.2912299905
19894,-97.2912299905
19901,-97.2912299905
19908,-97.2912299905
19915,-97.2912299905
19922,-97.2912299905
19929,-97.2912299905
19936,107.047721987
19943,107.047721987
19950,107.047721987
19957,-97.2912299905
19964,-97.2912299905
19971,-97.2912299905
19978,-97.2912299905
19985,-97.2912299905
19992,-97.2912299905
19999,-97.2912299905
20006,72.7840807438
20013,-97.2912299905
20020,-97.2912299905
20027,-97.2912299905
20034,-97.2912299905
20041,-97.2912299905
20048,-97.2912299905
20055,-97.2912299905
20062,-97.2912299905
20069,-97.2912299905
20076,-97.2912299905
20083,-97.2912299905
20090,92.193049669
20097,-97.2912299905
20104,-97.2912299905
20111,-97.2912299905
20118,-97.2912299905
20125,-97.2912299905
20132,-97.2912299905
20139,-97.2912299905
20146,115.346171943
20153,-97.2912299905
20160,-97.2912299905
20167,-97.2912299905
20174,115.346171943
20181,-97.2912299905
20188,107.047721987
20195,107.047721987
20202,107.047721987
20209,107.047721987
20216,107.047721987
20223,-97.2912299905
20230,-97.2912299905
20237,-97.2912299905
20244,-97.2912299905
20251,-97.2912299905
20258,72.7840807438
20265,72.7840807438
20272,72.7840807438
20279,-97.2912299905
20286,-97.2912299905
20293,-97.2912299905
20300,-97.2912299905
20307,-97.2912299905
20314,-97.2912299905
20321,-97.2912299905
20328,-97.2912299905
20335,-97.2912299905
20342,-97.2912299905
20349,-97.2912299905
20356,-97.2912299905
20363,-97.2912299905
20370,-97.2912299905
20377,107.047721987
20384,-97.2912299905
20391,-97.2912299905
20398,-97.2912299905
20405,115.346171943
20412,-97.2912299905
20419,-97.2912299905
20426,107.047721987
20433,-97.2912299905
20440,-97.2912299905
20447,-97.2912299905
20454,-97.2912299905
20461,115.346171943
20468,-97.2912299905
20475,-97.2912299905
20482,-97.2912299905
20489,-99.7462033113
20496,-97.2912299905
20503,-97.2912299905
20510,-97.2912299905
20517,-97.2912299905
20524,-97.2912299905
20531,115.346171943
20538,115.346171943
20545,-99.7462033113
20552,-97.2912299905
20559,107.047721987
20566,-97.2912299905
20573,-97.2912299905
20580,-97.2912299905
20587,115.346171943
20594,-97.2912299905
20601,-97.2912299905
20608,-97.2912299905
20615,-97.2912299905
20622,-99.7462033113
20629,-97.2912299905
20636,-97.2912299905
20643,-97.2912299905
20650,-97.2912299905
20657,-97.2912299905
20664,-97.2912299905
20671,-97.2912299905
20678,-97.2912299905
20685,-97.2912299905
20692,-97.2912299905
20699,-97.2912299905
20706,-97.2912299905
20713,-99.7462033113
20720,-97.2912299905
20727,-99.7462033113
20734,115.346171943
20741,-97.2912299905
20748,97.2912299905
20755,-97.2912299905
20762,-97.2912299905
20769,-97.2912299905
20776,-97.2912299905
20783,-97.2912299905
20790,-97.2912299905
20797,-97.2912299905
20804,107.047721987
20811,-97.2912299905
20818,-97.2912299905
20825,-97.2912299905
20832,115.346171943
20839,-97.2912299905
20846,-97.2912299905
20853,-97.2912299905
20860,-97.2912299905
20867,-97.2912299905
20874,-97.2912299905
20881,-97.2912299905
20888,100.731016556
20895,100.731016556
20902,-97.2912299905
20909,-97.2912299905
20916,115.346171943
20923,-97.2912299905
20930,-97.2912299905
20937,107.047721987
20944,-97.2912299905
20951,-97.2912299905
20958,-97.2912299905
20965,-97.2912299905
20972,-97.2912299905
20979,-97.2912299905
20986,-99.7462033113
20993,-99.7462033113
21000,-97.2912299905
21007,-97.2912299905
21014,-97.2912299905
21021,-97.2912299905
21028,107.047721987
21035,-97.2912299905
21042,115.346171943
21049,-97.2912299905
21056,-97.2912299905
21063,-97.2912299905
21070,-97.2912299905
21077,100.731016556
21084,100.731016556
21091,-97.2912299905
21098,-99.7462033113
21105,115.346171943
21112,-97.2912299905
21119,-97.2912299905
21126,107.047721987
21133,107.047721987
21140,107.047721987
21147,115.346171943
21154,-97.2912299905
21161,-97.2912299905
21168,-97.2912299905
21175,-97.2912299905
21182,-97.2912299905
21189,-97.2912299905
21196,-97.2912299905
21203,-97.2912299905
21210,-97.2912299905
21217,-97.2912299905
21224,-97.2912299905
21231,-97.2912299905
21238,-97.2912299905
21245,115.346171943
21252,-97.2912299905
21259,-97.2912299905
21266,-97.2912299905
21273,-97.2912299905
21280,-97.2912299905
21287,115.346171943
21294,-97.2912299905
21301,-97.2912299905
21308,-97.2912299905
21315,-97.2912299905
21322,-97.2912299905
21329,-97.2912299905
21336,-97.2912299905
21343,-97.2912299905
21350,-97.2912299905
21357,-97.2912299905
21364,107.047721987
21371,-97.2912299905
21378,-97.2912299905
21385,-97.2912299905
21392,-97.2912299905
21399,-97.2912299905
21406,-97.2912299905
21413,-97.2912299905
21420,-97.2912299905
21427,-97.2912299905
21434,-97.2912299905
21441,-97.2912299905
21448,-97.2912299905
21455,-97.2912299905
21462,-97.2912299905
21469,-97.2912299905
21476,-97.2912299905
21483,-97.2912299905
21490,-97.2912299905
21497,-97.2912299905
21504,-97.2912299905
21511,-97.2912299905
21518,-97.2912299905
21525,-97.2912299905
21532,-97.2912299905
21539,115.346171943
21546,115.346171943
21553,-97.2912299905
21560,-97.2912299905
21567,-97.2912299905
21574,-97.2912299905
21581,-97.2912299905
21588,-97.2912299905
21595,115.346171943
21602,-97.2912299905
21609,-97.2912299905
21616,115.346171943
21623,-97.2912299905
21630,-97.2912299905
21637,-97.2912299905
21644,-97.2912299905
21651,115.346171943
21658,115.346171943
21665,-97.2912299905
21672,115.346171943
21679,-97.2912299905
21686,-97.2912299905
21693,-97.2912299905
21700,-97.2912299905
21707,-97.2912299905
21714,-97.2912299905
21721,-97.2912299905
21728,-99.7462033113
21735,-97.2912299905
21742,-97.2912299905
21749,-97.2912299905
21756,115.346171943
21763,-97.2912299905
21770,-97.2912299905
21777,-97.2912299905
21784,-97.2912299905
21791,-97.2912299905
21798,-97.2912299905
21805,-97.2912299905
21812,-97.2912299905
21819,-97.2912299905
21826,-97.2912299905
21833,-97.2912299905
21840,-97.2912299905
21847,-97.2912299905
21854,-97.2912299905
21861,-97.2912299905
21868,-97.2912299905
21875,-97.2912299905
21882,-97.2912299905
21889,-97.2912299905
21896,-97.2912299905
21903,-97.2912299905
21910,-97.2912299905
21917,115.346171943
21924,115.346171943
21931,115.346171943
21938,107.047721987
21945,-97.2912299905
21952,-97.2912299905
21959,-97.2912299905
21966,115.346171943
21973,-97.2912299905
21980,-97.2912299905
21987,-97.2912299905
21994,-97.2912299905
22001,-97.2912299905
22008,-97.2912299905
22015,-97.2912299905
22022,-97.2912299905
22029,115.346171943
22036,-97.2912299905
22043,107.047721987
22050,-97.2912299905
22057,-97.2912299905
22064,-97.2912299905
22071,-97.2912299905
22078,-97.2912299905
22085,115.346171943
22092,115.346171943
22099,-97.2912299905
22106,-97.2912299905
22113,-97.2912299905
22120,-97.2912299905
22127,-97.2912299905
22134,-97.2912299905
22141,107.047721987
22148,-97.2912299905
22155,-97.2912299905
22162,-97.2912299905
22169,-97.2912299905
22176,-97.2912299905
22183,-97.2912299905
22190,-97.2912299905
22197,-97.2912299905
22204,-97.2912299905
22211,-97.2912299905
22218,-97.2912299905
22225,-97.2912299905
22232,-97.2912299905
22239,-97.2912299905
22246,115.346171943
22253,-97.2912299905
22260,-97.2912299905
22267,-97.2912299905
22274,-97.2912299905
22281,-97.2912299905
22288,-97.2912299905
22295,74.1988416115
22302,-97.2912299905
22309,107.047721987
22316,-97.2912299905
22323,-97.2912299905
22330,-97.2912299905
22337,-97.2912299905
22344,-97.2912299905
22351,-97.2912299905
22358,-97.2912299905
22365,-97.2912299905
22372,72.7840807438
22379,-97.2912299905
22386,-97.2912299905
22393,-97.2912299905
22400,-97.2912299905
22407,-97.2912299905
22414,-97.2912299905
22421,-97.2912299905
22428,-97.2912299905
22435,-97.2912299905
22442,-97.2912299905
22449,107.047721987
22456,-97.2912299905
22463,-97.2912299905
22470,-97.2912299905
22477,-97.2912299905
22484,-97.2912299905
22491,-97.2912299905
22498,-97.2912299905
22505,-97.2912299905
22512,-97.2912299905
22519,-97.2912299905
22526,115.346171943
22533,-97.2912299905
22540,-97.2912299905
22547,-97.2912299905
22554,-97.2912299905
22561,-97.2912299905
22568,-97.2912299905
22575,-97.2912299905
22582,-97.2912299905
22589,115.346171943
22596,115.346171943
22603,-97.2912299905
22610,-97.2912299905
22617,-97.2912299905
22624,-97.2912299905
22631,-97.2912299905
22638,-97.2912299905
22645,-97.2912299905
22652,-97.2912299905
22659,70.3991312086
22666,115.346171943
22673,115.346171943
22680,115.346171943
22687,115.346171943
22694,100.731016556
22701,-97.2912299905
22708,-97.2912299905
22715,-97.2912299905
22722,-97.2912299905
22729,-97.2912299905
22736,-97.2912299905
22743,-97.2912299905
22750,-97.2912299905
22757,-97.2912299905
22764,107.047721987
22771,-97.2912299905
22778,-97.2912299905
22785,-97.2912299905
22792,115.346171943
22799,-97.2912299905
22806,-97.2912299905
22813,-97.2912299905
22820,-97.2912299905
22827,-97.2912299905
22834,-97.2912299905
22841,-97.2912299905
22848,115.346171943
22855,-97.2912299905
22862,-97.2912299905
22869,-97.2912299905
22876,-97.2912299905
22883,-97.2912299905
22890,-97.2912299905
22897,107.047721987
22904,-97.2912299905
22911,-97.2912299905
22918,-97.2912299905
22925,-97.2912299905
22932,-97.2912299905
22939,-97.2912299905
22946,-97.2912299905
22953,-97.2912299905
22960,-97.2912299905
22967,-97.2912299905
22974,-97.2912299905
22981,-97.2912299905
22988,-97.2912299905
22995,-97.2912299905
23002,-97.2912299905
23009,-97.2912299905
23016,-97.2912299905
23023,-97.2912299905
23030,-97.2912299905
23037,-97.2912299905
23044,-97.2912299905
23051,-97.2912299905
23058,-97.2912299905
23065,-97.2912299905
23072,-97.2912299905
23079,-97.2912299905
23086,-97.2912299905
23093,-97.2912299905
23100,-97.2912299905
23107,-97.2912299905
23114,-97.2912299905
23121,-97.2912299905
23128,-97.2912299905
23135,-97.2912299905
23142,-97.2912299905
23149,-97.2912299905
23156,-97.2912299905
23163,-97.2912299905
23170,-97.2912299905
23177,-97.2912299905
23184,-97.2912299905
23191,-97.2912299905
23198,-97.2912299905
23205,-97.2912299905
23212,-97.2912299905
23219,-97.2912299905
23226,-97.2912299905
23233,-97.2912299905
23240,-97.2912299905
23247,-97.2912299905
23254,-97.2912299905
23261,-97.2912299905
23268,-97.2912299905
23275,-97.2912299905
23282,-97.2912299905
23289,-97.2912299905
23296,-97.2912299905
23303,-97.2912299905
23310,-97.2912299905
23317,-97.2912299905
23324,97.2912299905
23331,-97.2912299905
23338,-97.2912299905
23345,-97.2912299905
23352,-97.2912299905
23359,-97.2912299905
23366,-97.2912299905
23373,-97.2912299905
23380,-97.2912299905
23387,-97.2912299905
23394,-97.2912299905
23401,-97.2912299905
23408,-97.2912299905
23415,-97.2912299905
23422,-97.2912299905
23429,-97.2912299905
23436,-97.2912299905
23443,-97.2912299905
23450,115.346171943
23457,-97.2912299905
23464,-97.2912299905
23471,115.346171943
23478,-99.7462033113
23485,-97.2912299905
23492,-99.7462033113
23499,-99.7462033113
23506,-99.7462033113
23513,-99.7462033113
23520,-99.7462033113
23527,-99.7462033113
23534,115.346171943
23541,115.346171943
23548,115.346171943
23555,-97.2912299905
23562,-97.2912299905
23569,-97.2912299905
23576,-99.7462033113
23583,115.346171943
23590,115.346171943
23597,115.346171943
23604,-97.2912299905
23611,115.346171943
23618,107.047721987
23625,107.047721987
23632,115.346171943
23639,115.346171943
23646,115.346171943
23653,115.346171943
23660,115.346171943
23667,-97.2912299905
23674,115.346171943
23681,107.047721987
23688,-97.2912299905
23695,115.346171943
23702,-97.2912299905
23709,107.047721987
23716,-99.7462033113
23723,-97.2912299905
23730,115.346171943
23737,115.346171943
23744,107.047721987
23751,-97.2912299905
23758,107.047721987
23765,-99.7462033113
23772,70.3991312086
23779,-97.2912299905
23786,100.731016556
23793,74.1988416115
23800,107.047721987
23807,-97.2912299905
23814,107.047721987
23821,115.346171943
23828,-97.2912299905
23835,115.346171943
23842,74.1988416115
23849,-97.2912299905
23856,-97.2912299905
23863,-97.2912299905
23870,-97.2912299905
23877,-97.2912299905
23884,-97.2912299905
23891,115.346171943
23898,-97.2912299905
23905,-97.2912299905
23912,115.346171943
23919,115.346171943
23926,115.346171943
23933,115.346171943
23940,-99.7462033113
23947,107.047721987
23954,115.346171943
23961,-97.2912299905
23968,-97.2912299905
23975,107.047721987
23982,115.346171943
23989,115.346171943
23996,92.193049669
24003,-97.2912299905
24010,-97.2912299905
24017,-97.2912299905
24024,-97.2912299905
24031,92.193049669
24038,-97.2912299905
24045,115.346171943
24052,-99.7462033113
24059,-97.2912299905
24066,-99.7462033113
24073,-99.7462033113
24080,115.346171943
24087,72.7840807438
24094,92.193049669
24101,72.7840807438
24108,-97.2912299905
24115,115.346171943
24122,-97.2912299905
24129,-97.2912299905
24136,115.346171943
24143,115.346171943
24150,-97.2912299905
24157,115.346171943
24164,107.047721987
24171,115.346171943
24178,115.346171943
24185,107.047721987
24192,107.047721987
24199,70.3991312086
24206,92.193049669
24213,115.346171943
24220,115.346171943
24227,-99.7462033113
24234,-97.2912299905
24241,115.346171943
24248,115.346171943
24255,115.346171943
24262,115.346171943
24269,115.346171943
24276,115.346171943
24283,115.346171943
24290,115.346171943
24297,115.346171943
24304,115.346171943
24311,115.346171943
24318,115.346171943
24325,115.346171943
24332,115.346171943
24339,115.346171943
24346,115.346171943
24353,72.7840807438
24360,-97.2912299905
24367,115.346171943
24374,107.047721987
24381,70.3991312086
24388,92.193049669
24395,92.193049669
24402,-99.7462033113
24409,74.1988416115
24416,115.346171943
24423,107.047721987
24430,107.047721987
24437,-99.7462033113
24444,-99.7462033113
24451,-99.7462033113
24458,-99.7462033113
24465,72.7840807438
24472,72.7840807438
24479,115.346171943
24486,115.346171943
24493,74.1988416115
24500,107.047721987
24507,70.3991312086
24514,70.3991312086
24521,115.346171943
24528,70.3991312086
24535,107.047721987
24542,70.3991312086
24549,107.047721987
24556,115.346171943
24563,115.346171943
24570,115.346171943
24577,72.7840807438
24584,-97.2912299905
24591,70.3991312086
24598,70.3991312086
24605,115.346171943
24612,72.7840807438
24619,115.346171943
24626,74.1988416115
24633,-97.2912299905
24640,115.346171943
24647,107.047721987
24654,72.7840807438
24661,72.7840807438
24668,72.7840807438
24675,72.7840807438
24682,72.7840807438
24689,-97.2912299905
24696,107.047721987
24703,-99.7462033113
24710,-99.7462033113
24717,-99.7462033113
24724,70.3991312086
24731,-97.2912299905
24738,-97.2912299905
24745,-97.2912299905
24752,-97.2912299905
24759,-97.2912299905
24766,70.3991312086
24773,115.346171943
24780,115.346171943
24787,-99.7462033113
24794,115.346171943
24801,115.346171943
24808,115.346171943
24815,115.346171943
24822,115.346171943
24829,115.346171943
24836,-99.7462033113
24843,115.346171943
24850,-99.7462033113
24857,-97.2912299905
24864,-97.2912299905
24871,-97.2912299905
24878,-99.7462033113
24885,115.346171943
24892,-97.2912299905
24899,-97.2912299905
24906,107.047721987
24913,-97.2912299905
24920,115.346171943
24927,74.1988416115
24934,-99.7462033113
24941,115.346171943
24948,115.346171943
24955,-97.2912299905
24962,-97.2912299905
24969,115.346171943
24976,-97.2912299905
24983,-99.7462033113
24990,-99.7462033113
24997,115.346171943
25004,-97.2912299905
25011,107.047721987
25018,115.346171943
25025,115.346171943
25032,107.047721987
25039,107.047721987
25046,115.346171943
25053,-97.2912299905
25060,-99.7462033113
25067,72.7840807438
25074,115.346171943
25081,92.193049669
25088,107.047721987
25095,115.346171943
25102,107.047721987
25109,-99.7462033113
25116,115.346171943
25123,-97.2912299905
25130,-97.2912299905
25137,-97.2912299905
25144,74.1988416115
25151,74.1988416115
25158,115.346171943
25165,115.346171943
25172,-97.2912299905
25179,-97.2912299905
25186,-99.7462033113
25193,107.047721987
25200,-97.2912299905
25207,-99.7462033113
25214,72.7840807438
25221,-97.2912299905
25228,-97.2912299905
25235,-97.2912299905
25242,115.346171943
25249,115.346171943
25256,-97.2912299905
25263,107.047721987
25270,107.047721987
25277,107.047721987
25284,107.047721987
25291,115.346171943
25298,107.047721987
25305,92.193049669
25312,92.193049669
25319,107.047721987
25326,-97.2912299905
25333,-97.2912299905
25340,-99.7462033113
25347,-97.2912299905
25354,115.346171943
25361,-99.7462033113
25368,-99.7462033113
25375,115.346171943
25382,115.346171943
25389,72.7840807438
25396,74.1988416115
25403,74.1988416115
25410,-99.7462033113
25417,107.047721987
25424,70.3991312086
25431,115.346171943
25438,115.346171943
25445,-97.2912299905
25452,115.346171943
25459,-99.7462033113
25466,115.346171943
25473,-99.7462033113
25480,74.1988416115
25487,-97.2912299905
25494,-99.7462033113
25501,70.3991312086
25508,115.346171943
25515,107.047721987
25522,74.1988416115
25529,-99.7462033113
25536,115.346171943
25543,-97.2912299905
25550,-99.7462033113
25557,107.047721987
25564,115.346171943
25571,-99.7462033113
25578,-99.7462033113
25585,115.346171943
25592,-99.7462033113
25599,107.047721987
25606,115.346171943
25613,115.346171943
25620,74.1988416115
25627,107.047721987
25634,-97.2912299905
25641,107.047721987
25648,-97.2912299905
25655,-97.2912299905
25662,107.047721987
25669,-97.2912299905
25676,-97.2912299905
25683,72.7840807438
25690,72.7840807438
25697,72.7840807438
25704,74.1988416115
25711,-99.7462033113
25718,-99.7462033113
25725,107.047721987
25732,-97.2912299905
25739,-97.2912299905
25746,-99.7462033113
25753,115.346171943
25760,115.346171943
25767,115.346171943
25774,107.047721987
25781,-97.2912299905
25788,72.7840807438
25795,115.346171943
25802,-97.2912299905
25809,107.047721987
25816,107.047721987
25823,-97.2912299905
25830,115.346171943
25837,107.047721987
25844,107.047721987
25851,107.047721987
25858,74.1988416115
25865,100.731016556
25872,-97.2912299905
25879,-97.2912299905
25886,107.047721987
25893,72.7840807438
25900,115.346171943
25907,107.047721987
25914,-99.7462033113
25921,-97.2912299905
25928,-97.2912299905
25935,115.346171943
25942,107.047721987
25949,107.047721987
25956,115.346171943
25963,115.346171943
25970,-97.2912299905
25977,-99.7462033113
25984,-99.7462033113
25991,-99.7462033113
25998,-99.7462033113
26005,-97.2912299905
26012,107.047721987
26019,115.346171943
26026,115.346171943
26033,-97.2912299905
26040,-99.7462033113
26047,-97.2912299905
26054,107.047721987
26061,72.7840807438
26068,72.7840807438
26075,115.346171943
26082,70.3991312086
26089,-97.2912299905
26096,107.047721987
26103,107.047721987
26110,107.047721987
26117,107.047721987
26124,107.047721987
26131,107.047721987
26138,107.047721987
26145,107.047721987
26152,92.193049669
26159,100.731016556
26166,72.7840807438
26173,72.7840807438
26180,-97.2912299905
26187,-97.2912299905
26194,72.7840807438
26201,115.346171943
26208,-99.7462033113
26215,-99.7462033113
26222,-97.2912299905
26229,-97.2912299905
26236,-97.2912299905
26243,-99.7462033113
26250,70.3991312086
26257,115.346171943
26264,-97.2912299905
26271,107.047721987
26278,107.047721987
26285,115.346171943
26292,107.047721987
26299,70.3991312086
26306,74.1988416115
26313,-97.2912299905
26320,115.346171943
26327,-97.2912299905
26334,-99.7462033113
26341,-97.2912299905
26348,115.346171943
26355,115.346171943
26362,-97.2912299905
26369,115.346171943
26376,-97.2912299905
26383,74.1988416115
26390,115.346171943
26397,115.346171943
26404,115.346171943
26411,115.346171943
26418,72.7840807438
26425,72.7840807438
26432,72.7840807438
26439,70.3991312086
26446,-99.7462033113
26453,115.346171943
26460,115.346171943
26467,107.047721987
26474,-97.2912299905
26481,-97.2912299905
26488,107.047721987
26495,107.047721987
26502,-97.2912299905
26509,-97.2912299905
26516,70.3991312086
26523,107.047721987
26530,115.346171943
26537,115.346171943
26544,107.047721987
26551,107.047721987
26558,107.047721987
26565,115.346171943
26572,115.346171943
26579,115.346171943
26586,-97.2912299905
26593,-97.2912299905
26600,-97.2912299905
26607,72.7840807438
26614,-99.7462033113
26621,115.346171943
26628,-99.7462033113
26635,115.346171943
26642,-97.2912299905
26649,-97.2912299905
26656,-97.2912299905
26663,-97.2912299905
26670,115.346171943
26677,-97.2912299905
26684,-97.2912299905
26691,-99.7462033113
26698,-99.7462033113
26705,-99.7462033113
26712,115.346171943
26719,100.731016556
26726,100.731016556
26733,-99.7462033113
26740,107.047721987
26747,115.346171943
26754,70.3991312086
26761,-97.2912299905
26768,72.7840807438
26775,74.1988416115
26782,-97.2912299905
26789,115.346171943
26796,-99.7462033113
26803,115.346171943
26810,107.047721987
26817,107.047721987
26824,-97.2912299905
26831,115.346171943
26838,115.346171943
26845,-97.2912299905
26852,-99.7462033113
26859,-97.2912299905
26866,115.346171943
26873,74.1988416115
26880,107.047721987
26887,115.346171943
26894,115.346171943
26901,115.346171943
26908,115.346171943
26915,-97.2912299905
26922,-97.2912299905
26929,-97.2912299905
26936,-97.2912299905
26943,70.3991312086
26950,107.047721987
26957,107.047721987
26964,107.047721987
26971,115.346171943
26978,-97.2912299905
26985,-97.2912299905
26992,-97.2912299905
26999,107.047721987
27006,92.193049669
27013,-99.7462033113
27020,-97.2912299905
27027,-97.2912299905
27034,-97.2912299905
27041,115.346171943
27048,115.346171943
27055,115.346171943
27062,107.047721987
27069,115.346171943
27076,-97.2912299905
27083,115.346171943
27090,-97.2912299905
27097,107.047721987
27104,107.047721987
27111,115.346171943
27118,-97.2912299905
27125,107.047721987
27132,72.7840807438
27139,72.7840807438
27146,107.047721987
27153,-97.2912299905
27160,115.346171943
27167,115.346171943
27174,-97.2912299905
27181,115.346171943
27188,-99.7462033113
27195,-97.2912299905
27202,115.346171943
27209,115.346171943
27216,-97.2912299905
27223,-97.2912299905
27230,115.346171943
27237,-97.2912299905
27244,107.047721987
27251,107.047721987
27258,115.346171943
27265,-97.2912299905
27272,-97.2912299905
27279,-97.2912299905
27286,-97.2912299905
27293,-97.2912299905
27300,-97.2912299905
27307,-97.2912299905
27314,-97.2912299905
27321,70.3991312086
27328,70.3991312086
27335,115.346171943
27342,-97.2912299905
27349,-97.2912299905
27356,-97.2912299905
27363,-97.2912299905
27370,-97.2912299905
27377,-97.2912299905
27384,-97.2912299905
27391,-97.2912299905
27398,-97.2912299905
27405,-97.2912299905
27412,-97.2912299905
27419,-99.7462033113
27426,-97.2912299905
27433,115.346171943
27440,100.731016556
27447,115.346171943
27454,100.731016556
27461,72.7840807438
27468,72.7840807438
27475,74.1988416115
27482,74.1988416115
27489,74.1988416115
27496,72.7840807438
27503,72.7840807438
27510,-72.7840807438
27517,72.7840807438
27524,115.346171943
27531,107.047721987
27538,115.346171943
27545,72.7840807438
27552,-97.2912299905
27559,-97.2912299905
27566,-97.2912299905
27573,107.047721987
27580,115.346171943
27587,-99.7462033113
27594,107.047721987
27601,-99.7462033113
27608,-99.7462033113
27615,72.7840807438
27622,-99.7462033113
27629,74.1988416115
27636,115.346171943
27643,115.346171943
27650,-97.2912299905
27657,-97.2912299905
27664,115.346171943
27671,115.346171943
27678,107.047721987
27685,74.1988416115
27692,107.047721987
27699,-97.2912299905
27706,-97.2912299905
27713,92.193049669
27720,70.3991312086
27727,-99.7462033113
27734,-97.2912299905
27741,-97.2912299905
27748,115.346171943
27755,-97.2912299905
27762,115.346171943
27769,115.346171943
27776,72.7840807438
27783,72.7840807438
27790,-97.2912299905
27797,115.346171943
27804,115.346171943
27811,72.7840807438
27818,72.7840807438
27825,-99.7462033113
27832,115.346171943
27839,-97.2912299905
27846,100.731016556
27853,115.346171943
27860,107.047721987
27867,115.346171943
27874,115.346171943
27881,107.047721987
27888,72.7840807438
27895,115.346171943
27902,115.346171943
27909,115.346171943
27916,-99.7462033113
27923,-99.7462033113
27930,-99.7462033113
27937,115.346171943
27944,115.346171943
27951,70.3991312086
27958,-97.2912299905
27965,115.346171943
27972,107.047721987
27979,-99.7462033113
27986,115.346171943
27993,115.346171943
28000,-99.7462033113
28007,107.047721987
28014,107.047721987
28021,115.346171943
28028,-99.7462033113
28035,115.346171943
28042,92.193049669
28049,115.346171943
28056,107.047721987
28063,107.047721987
28070,-97.2912299905
28077,92.193049669
28084,-97.2912299905
28091,115.346171943
28098,-99.7462033113
28105,-97.2912299905
28112,-97.2912299905
28119,-97.2912299905
28126,-97.2912299905
28133,-97.2912299905
28140,-97.2912299905
28147,-97.2912299905
28154,72.7840807438
28161,92.193049669
28168,115.346171943
28175,-97.2912299905
28182,107.047721987
28189,107.047721987
28196,115.346171943
28203,-97.2912299905
28210,-97.2912299905
28217,115.346171943
28224,115.346171943
28231,-99.7462033113
28238,-99.7462033113
28245,115.346171943
28252,115.346171943
28259,115.346171943
28266,115.346171943
28273,-99.7462033113
28280,-99.7462033113
28287,-99.7462033113
28294,-97.2912299905
28301,115.346171943
28308,115.346171943
28315,107.047721987
28322,115.346171943
28329,-97.2912299905
28336,107.047721987
28343,72.7840807438
28350,74.1988416115
28357,-99.7462033113
28364,-99.7462033113
28371,-99.7462033113
28378,-97.2912299905
28385,70.3991312086
28392,70.3991312086
28399,72.7840807438
28406,72.7840807438
28413,-97.2912299905
28420,115.346171943
28427,-97.2912299905
28434,-97.2912299905
28441,115.346171943
28448,107.047721987
28455,-99.7462033113
28462,-99.7462033113
28469,-99.7462033113
28476,-99.7462033113
28483,-99.7462033113
28490,-99.7462033113
28497,-99.7462033113
28504,-99.7462033113
28511,-99.7462033113
28518,107.047721987
28525,-99.7462033113
28532,107.047721987
28539,107.047721987
28546,-97.2912299905
28553,115.346171943
28560,107.047721987
28567,107.047721987
28574,107.047721987
28581,107.047721987
28588,107.047721987
28595,107.047721987
28602,107.047721987
28609,107.047721987
28616,107.047721987
28623,107.047721987
28630,107.047721987
28637,107.047721987
28644,107.047721987
28651,107.047721987
28658,107.047721987
28665,107.047721987
28672,107.047721987
28679,-107.047721987
28686,107.047721987
28693,107.047721987
28700,107.047721987
28707,107.047721987
28714,107.047721987
28721,107.047721987
28728,107.047721987
28735,107.047721987
28742,107.047721987
28749,107.047721987
28756,107.047721987
28763,107.047721987
28770,107.047721987
28777,107.047721987
28784,107.047721987
28791,107.047721987
28798,107.047721987
28805,107.047721987
28812,107.047721987
28819,107.047721987
28826,107.047721987
28833,107.047721987
28840,-97.2912299905
28847,115.346171943
28854,107.047721987
28861,107.047721987
28868,107.047721987
28875,107.047721987
28882,107.047721987
28889,107.047721987
28896,107.047721987
28903,107.047721987
28910,107.047721987
28917,107.047721987
28924,107.047721987
28931,107.047721987
28938,107.047721987
28945,107.047721987
28952,-97.2912299905
28959,107.047721987
28966,70.3991312086
28973,107.047721987
28980,107.047721987
28987,-99.7462033113
28994,107.047721987
29001,-99.7462033113
29008,107.047721987
29015,107.047721987
29022,115.346171943
29029,107.047721987
29036,115.346171943
29043,-97.2912299905
29050,-97.2912299905
29057,70.3991312086
29064,-97.2912299905
29071,115.346171943
29078,-97.2912299905
29085,70.3991312086
29092,115.346171943
29099,115.346171943
29106,115.346171943
29113,107.047721987
29120,72.7840807438
29127,-97.2912299905
29134,72.7840807438
29141,-97.2912299905
29148,115.346171943
29155,115.346171943
29162,115.346171943
29169,115.346171943
29176,-99.7462033113
29183,74.1988416115
29190,74.1988416115
29197,107.047721987
29204,107.047721987
29211,115.346171943
29218,115.346171943
29225,100.731016556
29232,-99.7462033113
29239,72.7840807438
29246,-97.2912299905
29253,74.1988416115
29260,74.1988416115
29267,115.346171943
29274,107.047721987
29281,-97.2912299905
29288,70.3991312086
29295,70.3991312086
29302,70.3991312086
29309,115.346171943
29316,115.346171943
29323,-97.2912299905
29330,-97.2912299905
29337,107.047721987
29344,115.346171943
29351,72.7840807438
29358,-97.2912299905
29365,-97.2912299905
29372,-99.7462033113
29379,-97.2912299905
29386,-97.2912299905
29393,74.1988416115
29400,115.346171943
29407,107.047721987
29414,-97.2912299905
29421,74.1988416115
29428,74.1988416115
29435,-97.2912299905
29442,-97.2912299905
29449,-97.2912299905
29456,115.346171943
29463,115.346171943
29470,115.346171943
29477,115.346171943
29484,115.346171943
29491,-99.7462033113
29498,-99.7462033113
29505,-99.7462033113
29512,-99.7462033113
29519,-99.7462033113
29526,-99.7462033113
29533,-99.7462033113
29540,-97.2912299905
29547,-97.2912299905
29554,-97.2912299905
29561,-97.2912299905
29568,-97.2912299905
29575,-97.2912299905
29582,70.3991312086
29589,115.346171943
29596,115.346171943
29603,115.346171943
29610,115.346171943
29617,-97.2912299905
29624,72.7840807438
29631,74.1988416115
29638,115.346171943
29645,115.346171943
29652,-97.2912299905
29659,107.047721987
29666,107.047721987
29673,107.047721987
29680,115.346171943
29687,115.346171943
29694,115.346171943
29701,-97.2912299905
29708,-97.2912299905
29715,-97.2912299905
29722,115.346171943
29729,72.7840807438
29736,72.7840807438
29743,-97.2912299905
29750,-97.2912299905
29757,115.346171943
29764,115.346171943
29771,115.346171943
29778,115.346171943
29785,115.346171943
29792,115.346171943
29799,115.346171943
29806,115.346171943
29813,115.346171943
29820,115.346171943
29827,115.346171943
29834,115.346171943
29841,115.346171943
29848,115.346171943
29855,115.346171943
29862,115.346171943
29869,115.346171943
29876,115.346171943
29883,115.346171943
29890,115.346171943
29897,115.346171943
29904,115.346171943
29911,115.346171943
29918,115.346171943
29925,115.346171943
29932,115.346171943
29939,92.193049669
29946,107.047721987
29953,115.346171943
29960,72.7840807438
29967,115.346171943
29974,115.346171943
29981,115.346171943
29988,115.346171943
29995,107.047721987
30002,-99.7462033113
30009,-97.2912299905
30016,-99.7462033113
30023,-97.2912299905
30030,-97.2912299905
30037,-97.2912299905
30044,-99.7462033113
30051,-99.7462033113
30058,70.3991312086
30065,107.047721987
30072,70.3991312086
30079,115.346171943
30086,-99.7462033113
30093,-99.7462033113
30100,107.047721987
30107,-97.2912299905
30114,72.7840807438
30121,115.346171943
30128,-97.2912299905
30135,115.346171943
30142,115.346171943
30149,107.047721987
30156,107.047721987
30163,72.7840807438
30170,115.346171943
30177,115.346171943
30184,115.346171943
30191,115.346171943
30198,115.346171943
30205,-99.7462033113
30212,-99.7462033113
30219,115.346171943
30226,115.346171943
30233,115.346171943
30240,115.346171943
30247,115.346171943
30254,115.346171943
30261,115.346171943
30268,115.346171943
30275,115.346171943
30282,115.346171943
30289,107.047721987
30296,-97.2912299905
30303,-97.2912299905
30310,107.047721987
30317,107.047721987
30324,-99.7462033113
30331,115.346171943
30338,70.3991312086
30345,72.7840807438
30352,-99.7462033113
30359,-97.2912299905
30366,115.346171943
30373,115.346171943
30380,115.346171943
30387,-97.2912299905
30394,70.3991312086
30401,115.346171943
30408,115.346171943
30415,70.3991312086
30422,115.346171943
30429,115.346171943
30436,72.7840807438
30443,-97.2912299905
30450,-97.2912299905
30457,70.3991312086
30464,115.346171943
30471,-97.2912299905
30478,-99.7462033113
30485,-97.2912299905
30492,115.346171943
30499,115.346171943
30506,-99.7462033113
30513,107.047721987
30520,-97.2912299905
30527,-97.2912299905
30534,115.346171943
30541,115.346171943
30548,74.1988416115
30555,-97.2912299905
30562,-97.2912299905
30569,115.346171943
30576,115.346171943
30583,115.346171943
30590,115.346171943
30597,-97.2912299905
30604,-97.2912299905
30611,-99.7462033113
30618,-99.7462033113
30625,72.7840807438
30632,115.346171943
30639,72.7840807438
30646,74.1988416115
30653,107.047721987
30660,-97.2912299905
30667,70.3991312086
30674,-99.7462033113
30681,115.346171943
30688,107.047721987
30695,-97.2912299905
30702,92.193049669
30709,115.346171943
30716,107.047721987
30723,-97.2912299905
30730,-99.7462033113
30737,-99.7462033113
30744,-99.7462033113
30751,-99.7462033113
30758,-99.7462033113
30765,-99.7462033113
30772,74.1988416115
30779,-99.7462033113
30786,-99.7462033113
30793,72.7840807438
30800,92.193049669
30807,-97.2912299905
30814,-97.2912299905
30821,-97.2912299905
30828,115.346171943
30835,-97.2912299905
30842,-99.7462033113
30849,107.047721987
30856,-99.7462033113
30863,70.3991312086
30870,-97.2912299905
30877,115.346171943
30884,-97.2912299905
30891,107.047721987
30898,-99.7462033113
30905,-99.7462033113
30912,107.047721987
30919,-99.7462033113
30926,-97.2912299905
30933,72.7840807438
30940,72.7840807438
30947,115.346171943
30954,-99.7462033113
30961,115.346171943
30968,74.1988416115
30975,-97.2912299905
30982,-97.2912299905
30989,115.346171943
30996,115.346171943
31003,72.7840807438
31010,72.7840807438
31017,-72.7840807438
31024,-97.2912299905
31031,-97.2912299905
31038,115.346171943
31045,-97.2912299905
31052,107.047721987
31059,-99.7462033113
31066,115.346171943
31073,115.346171943
31080,-99.7462033113
31087,-99.7462033113
31094,-99.7462033113
31101,-97.2912299905
31108,-97.2912299905
31115,107.047721987
31122,115.346171943
31129,115.346171943
31136,107.047721987
31143,-99.7462033113
31150,-97.2912299905
31157,-99.7462033113
31164,72.7840807438
31171,-99.7462033113
31178,107.047721987
31185,115.346171943
31192,-97.2912299905
31199,-97.2912299905
31206,107.047721987
31213,107.047721987
31220,115.346171943
31227,-99.7462033113
31234,-99.7462033113
31241,115.346171943
31248,115.346171943
31255,115.346171943
31262,92.193049669
31269,72.7840807438
31276,72.7840807438
31283,115.346171943
31290,115.346171943
31297,115.346171943
31304,-99.7462033113
31311,107.047721987
31318,-97.2912299905
31325,115.346171943
31332,115.346171943
31339,72.7840807438
31346,115.346171943
31353,115.346171943
31360,115.346171943
31367,115.346171943
31374,115.346171943
31381,-97.2912299905
31388,107.047721987
31395,107.047721987
31402,107.047721987
31409,107.047721987
31416,107.047721987
31423,115.346171943
31430,-97.2912299905
31437,107.047721987
31444,115.346171943
31451,115.346171943
31458,115.346171943
31465,115.346171943
31472,-97.2912299905
31479,72.7840807438
31486,107.047721987
31493,115.346171943
31500,107.047721987
31507,107.047721987
31514,70.3991312086
31521,70.3991312086
31528,115.346171943
31535,-97.2912299905
31542,115.346171943
31549,115.346171943
31556,115.346171943
31563,72.7840807438
31570,-97.2912299905
31577,107.047721987
31584,115.346171943
31591,115.346171943
31598,100.731016556
31605,-99.7462033113
31612,-97.2912299905
31619,74.1988416115
31626,115.346171943
31633,-97.2912299905
31640,115.346171943
31647,-99.7462033113
31654,72.7840807438
31661,72.7840807438
31668,-99.7462033113
31675,115.346171943
31682,92.193049669
31689,-99.7462033113
31696,-99.7462033113
31703,-97.2912299905
31710,-97.2912299905
31717,115.346171943
31724,115.346171943
31731,115.346171943
31738,92.193049669
31745,72.7840807438
31752,72.7840807438
31759,-99.7462033113
31766,115.346171943
31773,-97.2912299905
31780,-99.7462033113
31787,115.346171943
31794,115.346171943
31801,115.346171943
31808,72.7840807438
31815,72.7840807438
31822,107.047721987
31829,107.047721987
31836,107.047721987
31843,-99.7462033113
31850,-97.2912299905
31857,-97.2912299905
31864,-97.2912299905
31871,-97.2912299905
31878,72.7840807438
31885,72.7840807438
31892,-99.7462033113
31899,115.346171943
31906,115.346171943
31913,-99.7462033113
31920,-97.2912299905
31927,107.047721987
31934,-99.7462033113
31941,107.047721987
31948,72.7840807438
31955,72.7840807438
31962,72.7840807438
31969,72.7840807438
31976,72.7840807438
31983,115.346171943
31990,115.346171943
31997,-99.7462033113
32004,115.346171943
32011,115.346171943
32018,-97.2912299905
32025,-97.2912299905
32032,-99.7462033113
32039,-97.2912299905
32046,-97.2912299905
32053,107.047721987
32060,70.3991312086
32067,100.731016556
32074,115.346171943
32081,-99.7462033113
32088,115.346171943
32095,-99.7462033113
32102,-97.2912299905
32109,107.047721987
32116,107.047721987
32123,115.346171943
32130,92.193049669
32137,92.193049669
32144,-97.2912299905
32151,115.346171943
32158,-97.2912299905
32165,-97.2912299905
32172,107.047721987
32179,107.047721987
32186,115.346171943
32193,115.346171943
32200,115.346171943
32207,-97.2912299905
32214,74.1988416115
32221,-97.2912299905
32228,115.346171943
32235,115.346171943
32242,115.346171943
32249,115.346171943
32256,107.047721987
32263,107.047721987
32270,-97.2912299905
32277,115.346171943
32284,115.346171943
32291,107.047721987
32298,70.3991312086
32305,115.346171943
32312,115.346171943
32319,74.1988416115
32326,74.1988416115
32333,-99.7462033113
32340,-99.7462033113
32347,-99.7462033113
32354,-99.7462033113
32361,-99.7462033113
32368,72.7840807438
32375,107.047721987
32382,115.346171943
32389,115.346171943
32396,100.731016556
32403,115.346171943
32410,107.047721987
32417,-97.2912299905
32424,-97.2912299905
32431,-97.2912299905
32438,115.346171943
32445,115.346171943
32452,115.346171943
32459,115.346171943
32466,115.346171943
32473,115.346171943
32480,107.047721987
32487,107.047721987
32494,70.3991312086
32501,70.3991312086
32508,70.3991312086
32515,70.3991312086
32522,70.3991312086
32529,115.346171943
32536,115.346171943
32543,115.346171943
32550,115.346171943
32557,115.346171943
32564,107.047721987
32571,115.346171943
32578,115.346171943
32585,74.1988416115
32592,74.1988416115
32599,115.346171943
32606,115.346171943
32613,115.346171943
32620,115.346171943
32627,115.346171943
32634,115.346171943
32641,115.346171943
32648,92.193049669
32655,107.047721987
32662,115.346171943
32669,115.346171943
32676,107.047721987
32683,70.3991312086
32690,70.3991312086
32697,74.1988416115
32704,72.7840807438
32711,72.7840807438
32718,72.7840807438
32725,72.7840807438
32732,107.047721987
32739,92.193049669
32746,115.346171943
32753,-99.7462033113
32760,-97.2912299905
32767,115.346171943
32774,115.346171943
32781,-97.2912299905
32788,72.7840807438
32795,72.7840807438
32802,72.7840807438
32809,107.047721987
32816,107.047721987
32823,107.047721987
32830,115.346171943
32837,115.346171943
32844,107.047721987
32851,107.047721987
32858,107.047721987
32865,107.047721987
32872,-99.7462033113
32879,70.3991312086
32886,115.346171943
32893,-97.2912299905
32900,-97.2912299905
32907,107.047721987
32914,107.047721987
32921,115.346171943
32928,115.346171943
32935,-97.2912299905
32942,-97.2912299905
32949,115.346171943
32956,115.346171943
32963,115.346171943
32970,-99.7462033113
32977,-97.2912299905
32984,100.731016556
32991,115.346171943
32998,107.047721987
33005,92.193049669
33012,92.193049669
33019,92.193049669
33026,115.346171943
33033,-97.2912299905
33040,100.731016556
33047,115.346171943
33054,92.193049669
33061,-97.2912299905
33068,-97.2912299905
33075,107.047721987
33082,107.047721987
33089,107.047721987
33096,-97.2912299905
33103,115.346171943
33110,107.047721987
33117,115.346171943
33124,115.346171943
33131,107.047721987
33138,115.346171943
33145,-97.2912299905
33152,72.7840807438
33159,72.7840807438
33166,72.7840807438
33173,115.346171943
33180,-97.2912299905
33187,-97.2912299905
33194,115.346171943
33201,115.346171943
33208,-97.2912299905
33215,115.346171943
33222,115.346171943
33229,115.346171943
33236,107.047721987
33243,107.047721987